<?xml version = '1.0' encoding = 'UTF-8'?>
<Diagram class="oracle.dbtools.crest.swingui.relational.DPVRelational" name="Relational_2" id="A02134DA-C802-6D70-738C-D4266D750B85">
<createdBy>curso</createdBy>
<createdTime>2015-06-10 19:38:50 UTC</createdTime>
<autoRoute>false</autoRoute>
<boxInbox>true</boxInbox>
<showLegend>false</showLegend>
<showLabels>false</showLabels>
<showRelAttributes>false</showRelAttributes>
<showGrid>false</showGrid>
<diagramColor>-1</diagramColor>
<display>false</display>
<notation>1</notation>
<objectViews>
<OView class="oracle.dbtools.crest.swingui.relational.TVTable" oid="1591DFAE-91D4-FA0A-5D9C-549DE527DBB2" otype="Table" vid="E781376F-99B9-F7E1-B6EC-CD95E6F2FB50">
<hideElementsInCurrentOnly>false</hideElementsInCurrentOnly>
<bounds x="38" y="94" width="335" height="126"/>
</OView>
</objectViews>
</Diagram>