<?xml version = '1.0' encoding = 'UTF-8'?>
<TemporaryTablespaceOraclev10g class="oracle.dbtools.crest.model.design.storage.oracle.v10g.TemporaryTablespaceOraclev10g" name="TEMP" directorySegmentName="seg_0" id="F5195462-2A50-612D-AF79-E116452EAB21">
<sourceConnName>HostOnly-Master-proyectopdb-mviales</sourceConnName>
<sourceObjName>TEMP</sourceObjName>
<createdBy>riho</createdBy>
<createdTime>2015-05-08 06:10:13 UTC</createdTime>
<ownerDesignName>BD2Design-RO-TP2</ownerDesignName>
<uniformSize>1024</uniformSize>
<fileType>SMALLFILE</fileType>
<dataFiles>
<DataFile class="oracle.dbtools.crest.model.design.storage.oracle.v10g.DataFileOraclev10g" name="pdbseed_temp01.dbf" id="5A78A972-364D-8501-7EFD-D8CB380B25A2">
<sourceConnName>HostOnly-Master-proyectopdb-mviales</sourceConnName>
<sourceObjName>/datos/master/proyectopdb/pdbseed_temp01.dbf</sourceObjName>
<createdBy>riho</createdBy>
<createdTime>2015-05-08 06:10:13 UTC</createdTime>
<ownerDesignName>BD2Design-RO-TP2</ownerDesignName>
<autoextend>ON</autoextend>
<fileName>/datos/master/proyectopdb/pdbseed_temp01.dbf</fileName>
<nextBlockSize>640</nextBlockSize>
<size>541696</size>
</DataFile>
</dataFiles>
</TemporaryTablespaceOraclev10g>