<?xml version = '1.0' encoding = 'UTF-8'?>
<Table class="oracle.dbtools.crest.model.design.relational.Table" directorySegmentName="seg_0" id="1591DFAE-91D4-FA0A-5D9C-549DE527DBB2" name="FACTURAS_RO_TABLE">
<createdBy>curso</createdBy>
<createdTime>2015-06-10 19:38:55 UTC</createdTime>
<generatorID>Generado por el Usuario</generatorID>
<ownerDesignName>BD2Design-RO-TP2</ownerDesignName>
<basedOnStructuredType>C72C4A17-AAC7-B067-AB60-FDEB764E556D</basedOnStructuredType>
<allowColumnReorder>false</allowColumnReorder>
<existDependencyGenerateInDDl>true</existDependencyGenerateInDDl>
<columns itemClass="oracle.dbtools.crest.model.design.relational.Column">
<Column name="Oid" id="D31E335A-E213-0AFD-4033-27DB5BCF6188">
<createdBy>curso</createdBy>
<createdTime>2015-06-10 19:39:18 UTC</createdTime>
<generatorID>Generado por el Usuario</generatorID>
<ownerDesignName>BD2Design-RO-TP2</ownerDesignName>
<oid>true</oid>
<useDomainConstraints>false</useDomainConstraints>
<use>3</use>
<structuredType>C72C4A17-AAC7-B067-AB60-FDEB764E556D</structuredType>
<reference>true</reference>
<autoIncrementCycle>false</autoIncrementCycle>
</Column>
<Column name="NUMEROFACTURA" id="50316702-1225-3FB0-18AA-367586EC820B">
<createdBy>curso</createdBy>
<createdTime>2015-06-10 19:39:18 UTC</createdTime>
<generatorID>Generado por el Usuario</generatorID>
<ownerDesignName>BD2Design-RO-TP2</ownerDesignName>
<structAttributeID>3403C8C7-3D72-8DD9-E266-F87A7431342F</structAttributeID>
<useDomainConstraints>false</useDomainConstraints>
<use>1</use>
<logicalDatatype>LOGDT019</logicalDatatype>
<dataTypePrecision>10</dataTypePrecision>
<dataTypeScale>0</dataTypeScale>
<autoIncrementCycle>false</autoIncrementCycle>
</Column>
<Column name="FECREGISTRO" id="E71F9C77-EE7F-5A2E-FAF1-CABE980C0AEE">
<createdBy>curso</createdBy>
<createdTime>2015-06-10 19:39:18 UTC</createdTime>
<generatorID>Generado por el Usuario</generatorID>
<ownerDesignName>BD2Design-RO-TP2</ownerDesignName>
<nullsAllowed>true</nullsAllowed>
<structAttributeID>28861053-85CB-BA28-3B11-76A2C8C7B8E6</structAttributeID>
<useDomainConstraints>false</useDomainConstraints>
<use>1</use>
<logicalDatatype>LOGDT008</logicalDatatype>
<dataTypePrecision>0</dataTypePrecision>
<dataTypeScale>0</dataTypeScale>
<autoIncrementCycle>false</autoIncrementCycle>
</Column>
<Column name="FECCOMPRA" id="F781FE09-BB3E-D7C7-ACD0-845738C1BF8F">
<createdBy>curso</createdBy>
<createdTime>2015-06-10 20:57:41 UTC</createdTime>
<generatorID>Generado por el Usuario</generatorID>
<ownerDesignName>BD2Design-RO-TP2</ownerDesignName>
<nullsAllowed>true</nullsAllowed>
<structAttributeID>DA4DD8D9-810D-A580-9C8B-C12B01A0D605</structAttributeID>
<useDomainConstraints>false</useDomainConstraints>
<use>1</use>
<logicalDatatype>LOGDT008</logicalDatatype>
<dataTypePrecision>0</dataTypePrecision>
<dataTypeScale>0</dataTypeScale>
<autoIncrementCycle>false</autoIncrementCycle>
</Column>
<Column name="PROVEEDOR" id="3CA18D52-5367-08D4-AB09-95F89D72D120">
<createdBy>curso</createdBy>
<createdTime>2015-06-10 19:39:18 UTC</createdTime>
<generatorID>Generado por el Usuario</generatorID>
<ownerDesignName>BD2Design-RO-TP2</ownerDesignName>
<nullsAllowed>true</nullsAllowed>
<structAttributeID>E6E23420-D16B-2A0B-0B6D-1A428E59FDF4</structAttributeID>
<useDomainConstraints>false</useDomainConstraints>
<use>1</use>
<logicalDatatype>LOGDT024</logicalDatatype>
<dataTypePrecision>0</dataTypePrecision>
<dataTypeScale>0</dataTypeScale>
<dataTypeSize>30</dataTypeSize>
<autoIncrementCycle>false</autoIncrementCycle>
</Column>
<Column name="USUARIO" id="D16F26E6-41B6-F357-518A-22DAEF0E82A0">
<createdBy>curso</createdBy>
<createdTime>2015-06-10 19:39:18 UTC</createdTime>
<generatorID>Generado por el Usuario</generatorID>
<ownerDesignName>BD2Design-RO-TP2</ownerDesignName>
<nullsAllowed>true</nullsAllowed>
<structAttributeID>C5A415C8-4CE6-9D3E-C761-05AA2371E2F1</structAttributeID>
<useDomainConstraints>false</useDomainConstraints>
<use>1</use>
<logicalDatatype>LOGDT024</logicalDatatype>
<dataTypePrecision>0</dataTypePrecision>
<dataTypeScale>0</dataTypeScale>
<dataTypeSize>30</dataTypeSize>
<autoIncrementCycle>false</autoIncrementCycle>
</Column>
<Column name="LISTA_LINEASFACTURA" id="DFF29BA6-CEA5-0164-D1B3-311E6D48E5FF">
<createdBy>curso</createdBy>
<createdTime>2015-06-10 19:39:18 UTC</createdTime>
<generatorID>Generado por el Usuario</generatorID>
<ownerDesignName>BD2Design-RO-TP2</ownerDesignName>
<nullsAllowed>true</nullsAllowed>
<structAttributeID>04B0967E-86C5-9CBF-58EB-D23E3D42C2F0</structAttributeID>
<useDomainConstraints>false</useDomainConstraints>
<use>4</use>
<collectionType>398874F5-2636-C95F-730B-596ACA037E50</collectionType>
<autoIncrementCycle>false</autoIncrementCycle>
</Column>
</columns>
<indexes itemClass="oracle.dbtools.crest.model.design.relational.Index">
<ind_PK_UK id="D4BFD150-BE36-D9ED-D269-9636428798B9" name="FACTURAS_RO_TABLE_PK">
<createdBy>curso</createdBy>
<createdTime>2015-06-10 19:39:18 UTC</createdTime>
<generatorID>Generado por el Usuario</generatorID>
<ownerDesignName>BD2Design-RO-TP2</ownerDesignName>
<oidKey>true</oidKey>
<pk>true</pk>
<indexState>Primary Constraint</indexState>
<isSurrogateKey>false</isSurrogateKey>
<indexColumnUsage>
<colUsage columnID="D31E335A-E213-0AFD-4033-27DB5BCF6188"/>
</indexColumnUsage>
</ind_PK_UK>
</indexes>
</Table>