<?xml version = '1.0' encoding = 'UTF-8'?>
<UserOraclev10g class="oracle.dbtools.crest.model.design.storage.oracle.v10g.UserOraclev10g" name="MVIALES" directorySegmentName="seg_0" id="B1F59BFA-3907-F37A-27F4-1DE05E6D58A1">
<createdBy>riho</createdBy>
<createdTime>2015-05-08 06:10:13 UTC</createdTime>
<ownerDesignName>BD2Design-RO-TP2</ownerDesignName>
<schemaObject>96C52662-92E2-7DF6-D36B-797BBC841518</schemaObject>
<temptableSpace>F5195462-2A50-612D-AF79-E116452EAB21</temptableSpace>
</UserOraclev10g>