<?xml version = '1.0' encoding = 'UTF-8'?>
<Diagram class="oracle.dbtools.crest.swingui.datatypes.DPVDataTypesSubView" name="TIPOS_PROGRA2_RO" id="518A8E0E-72FF-7208-2035-235C2FFC1847">
<createdBy>riho</createdBy>
<createdTime>2015-05-14 14:46:20 UTC</createdTime>
<autoRoute>true</autoRoute>
<boxInbox>true</boxInbox>
<showLegend>false</showLegend>
<showLabels>false</showLabels>
<showRelAttributes>false</showRelAttributes>
<showGrid>false</showGrid>
<diagramColor>-1</diagramColor>
<comment>THIS VIEW WAS CREATED TO SEE ONLY THE TYPES&lt;br/&gt;USED TO THE OR MODEL</comment>
<display>false</display>
<notation>1</notation>
<objectViews>
<OView class="oracle.dbtools.crest.swingui.TVNote" oid="1DA810F6-543B-AFD7-D88A-2FFEA4835DE8" otype="Note" vid="92DC73B2-81F7-218A-BAA0-F61781A4733B">
<hideElementsInCurrentOnly>false</hideElementsInCurrentOnly>
<bounds x="1613" y="1610" width="58" height="48"/>
</OView>
<OView class="oracle.dbtools.crest.swingui.datatypes.TVStructuredType" oid="C72C4A17-AAC7-B067-AB60-FDEB764E556D" otype="StructuredType" vid="EEC9C500-29A3-6AC7-4226-6322F86F3B82">
<hideElementsInCurrentOnly>false</hideElementsInCurrentOnly>
<bounds x="1928" y="466" width="311" height="96"/>
</OView>
<OView class="oracle.dbtools.crest.swingui.datatypes.TVStructuredType" oid="D4CC2B1C-FFFB-34E6-DAC8-815E9963C78F" otype="StructuredType" vid="6A245B6D-47B8-6830-7B0A-60A5EA1367C3">
<hideElementsInCurrentOnly>false</hideElementsInCurrentOnly>
<bounds x="1492" y="434" width="236" height="184"/>
</OView>
</objectViews>
<connectors>
<Connector class="oracle.dbtools.crest.swingui.datatypes.TVDTReference" oid="601B1214-9704-A291-B1BA-359C7A64E61C" otype="DTReference" vid_source="6A245B6D-47B8-6830-7B0A-60A5EA1367C3" vid_target="EEC9C500-29A3-6AC7-4226-6322F86F3B82">
<hideElementsInCurrentOnly>false</hideElementsInCurrentOnly>
<lineWidth>1</lineWidth>
<points>
<point x="1728" y="533"/>
<point x="1821" y="533"/>
<point x="1821" y="521"/>
<point x="1928" y="521"/>
</points>
</Connector>
</connectors>
</Diagram>