<?xml version = '1.0' encoding = 'UTF-8'?>
<Diagram class="oracle.dbtools.crest.swingui.datatypes.DPVDataTypes" name="DataTypes" id="856834E1-656F-8C8D-00AB-CA426E57827F">
<createdBy>riho</createdBy>
<createdTime>2015-05-08 06:04:16 UTC</createdTime>
<autoRoute>true</autoRoute>
<boxInbox>true</boxInbox>
<showLegend>true</showLegend>
<showLabels>false</showLabels>
<showRelAttributes>false</showRelAttributes>
<showGrid>false</showGrid>
<diagramColor>-1</diagramColor>
<legendPosX>872</legendPosX>
<legendPosY>0</legendPosY>
<legendAttributes>124</legendAttributes>
<display>false</display>
<notation>1</notation>
<objectViews>
<OView class="oracle.dbtools.crest.swingui.datatypes.TVStructuredType" oid="47E390DE-0671-C4B1-8428-0F45CBEE18F8" otype="StructuredType" vid="3608811B-DA34-2205-765E-01CBF891689F">
<hideElementsInCurrentOnly>false</hideElementsInCurrentOnly>
<bounds x="349" y="1214" width="124" height="26"/>
</OView>
<OView class="oracle.dbtools.crest.swingui.datatypes.TVStructuredType" oid="C72C4A17-AAC7-B067-AB60-FDEB764E556D" otype="StructuredType" vid="4DBEFBBA-4F9A-9EB0-7B78-2B800346D429">
<hideElementsInCurrentOnly>false</hideElementsInCurrentOnly>
<bounds x="555" y="186" width="311" height="97"/>
</OView>
<OView class="oracle.dbtools.crest.swingui.datatypes.TVStructuredType" oid="D4CC2B1C-FFFB-34E6-DAC8-815E9963C78F" otype="StructuredType" vid="93EAB66A-0303-E674-AE15-A752C05F7D26">
<hideElementsInCurrentOnly>false</hideElementsInCurrentOnly>
<bounds x="170" y="200" width="207" height="69"/>
</OView>
<OView class="oracle.dbtools.crest.swingui.datatypes.TVStructuredType" oid="F72C39E0-D1CA-8821-2AD7-A1E95A37D3D1" otype="StructuredType" vid="37619AED-6AB4-B88F-06D0-C45F45A3ACC2">
<hideElementsInCurrentOnly>false</hideElementsInCurrentOnly>
<bounds x="20" y="1431" width="86" height="26"/>
</OView>
</objectViews>
<connectors>
<Connector class="oracle.dbtools.crest.swingui.datatypes.TVDTReference" oid="601B1214-9704-A291-B1BA-359C7A64E61C" otype="DTReference" vid_source="93EAB66A-0303-E674-AE15-A752C05F7D26" vid_target="4DBEFBBA-4F9A-9EB0-7B78-2B800346D429">
<hideElementsInCurrentOnly>false</hideElementsInCurrentOnly>
<lineWidth>1</lineWidth>
<points>
<point x="273" y="234"/>
<point x="473" y="227"/>
<point x="473" y="227"/>
<point x="555" y="227"/>
</points>
</Connector>
</connectors>
</Diagram>