<?xml version = '1.0' encoding = 'UTF-8'?>
<Diagram class="oracle.dbtools.crest.swingui.logical.DPVLogical" name="Logical" id="D6FBBC4C-811F-78C9-EECF-C35D79DD7380">
<createdBy>riho</createdBy>
<createdTime>2015-05-08 06:11:55 UTC</createdTime>
<autoRoute>false</autoRoute>
<boxInbox>false</boxInbox>
<showLegend>false</showLegend>
<showLabels>false</showLabels>
<showRelAttributes>false</showRelAttributes>
<showGrid>false</showGrid>
<diagramColor>-1</diagramColor>
<display>false</display>
<notation>2</notation>
<connectors>
<Connector class="oracle.dbtools.crest.swingui.logical.TVRelation" oid="00E6BE1D-47FD-77CE-A5D3-E70AF32A8D93" otype="Relation" vid_source="B1303C73-D48D-E2E7-3544-128654CBBA49" vid_target="C517ED45-CC9C-43C6-0A0B-8DEA9D199FFC">
<hideElementsInCurrentOnly>false</hideElementsInCurrentOnly>
<lineWidth>1</lineWidth>
<points>
<point x="1827" y="536"/>
<point x="1453" y="704"/>
</points>
</Connector>
<Connector class="oracle.dbtools.crest.swingui.logical.TVRelation" oid="0CC03F26-80DE-7221-4AE6-FB8A8622B6D4" otype="Relation" vid_source="5CD3D036-62CE-5123-A44F-E3E31F5770FE" vid_target="C517ED45-CC9C-43C6-0A0B-8DEA9D199FFC">
<hideElementsInCurrentOnly>false</hideElementsInCurrentOnly>
<lineWidth>1</lineWidth>
<points>
<point x="1901" y="812"/>
<point x="1453" y="466"/>
</points>
</Connector>
<Connector class="oracle.dbtools.crest.swingui.logical.TVRelation" oid="0EC6647B-7933-D7AB-2854-278ADB6A006D" otype="Relation" vid_source="85BAF302-6893-D387-6E11-73D9F8411DAA" vid_target="CA28A7DD-29BD-9154-467D-CD023ADB9300">
<hideElementsInCurrentOnly>false</hideElementsInCurrentOnly>
<lineWidth>1</lineWidth>
<points>
<point x="290" y="1267"/>
<point x="384" y="1041"/>
</points>
</Connector>
<Connector class="oracle.dbtools.crest.swingui.logical.TVRelation" oid="1429A5B0-D1E0-0368-0ACD-33E70373AC9A" otype="Relation" vid_source="3F219331-CC26-11DB-64DB-B33E7161EF00" vid_target="A2B097AD-E03F-23E9-8B1B-A4CBAFE64625">
<hideElementsInCurrentOnly>false</hideElementsInCurrentOnly>
<lineWidth>1</lineWidth>
<points>
<point x="620" y="875"/>
<point x="304" y="633"/>
</points>
</Connector>
<Connector class="oracle.dbtools.crest.swingui.logical.TVRelation" oid="22285DD4-03D9-8EFB-E2F8-0632E27C9E5C" otype="Relation" vid_source="9D4E440A-FD46-16F9-6AA0-15070C78FA6D" vid_target="C517ED45-CC9C-43C6-0A0B-8DEA9D199FFC">
<hideElementsInCurrentOnly>false</hideElementsInCurrentOnly>
<lineWidth>1</lineWidth>
<points>
<point x="2597" y="812"/>
<point x="1453" y="437"/>
</points>
</Connector>
<Connector class="oracle.dbtools.crest.swingui.logical.TVRelation" oid="28090E6E-BCAD-0395-CDD3-D86C48F448E9" otype="Relation" vid_source="033241C5-0434-888A-7FF5-D8183B765F89" vid_target="A2B097AD-E03F-23E9-8B1B-A4CBAFE64625">
<hideElementsInCurrentOnly>false</hideElementsInCurrentOnly>
<lineWidth>1</lineWidth>
<points>
<point x="306" y="573"/>
<point x="304" y="633"/>
</points>
</Connector>
<Connector class="oracle.dbtools.crest.swingui.logical.TVRelation" oid="2CA9620F-1B74-DAA6-FDB6-95E097329B6C" otype="Relation" vid_source="A2B097AD-E03F-23E9-8B1B-A4CBAFE64625" vid_target="CA28A7DD-29BD-9154-467D-CD023ADB9300">
<hideElementsInCurrentOnly>false</hideElementsInCurrentOnly>
<lineWidth>1</lineWidth>
<points>
<point x="304" y="633"/>
<point x="384" y="1041"/>
</points>
</Connector>
<Connector class="oracle.dbtools.crest.swingui.logical.TVRelation" oid="3386019F-1171-0040-0CD3-ED81C2767AED" otype="Relation" vid_source="4281317D-E83E-C61D-6D59-CDD82EF168AC" vid_target="033241C5-0434-888A-7FF5-D8183B765F89">
<hideElementsInCurrentOnly>false</hideElementsInCurrentOnly>
<lineWidth>1</lineWidth>
<points>
<point x="299" y="381"/>
<point x="306" y="573"/>
</points>
</Connector>
<Connector class="oracle.dbtools.crest.swingui.logical.TVRelation" oid="4519AFF7-CB34-5448-B2D5-76B176FB30CE" otype="Relation" vid_source="9EA7359E-8327-9F23-5896-E037005E71C1" vid_target="764CBD1A-4CE7-25B3-483A-502FF940944F">
<hideElementsInCurrentOnly>false</hideElementsInCurrentOnly>
<lineWidth>1</lineWidth>
<points>
<point x="2253" y="1255"/>
<point x="2253" y="1033"/>
</points>
</Connector>
<Connector class="oracle.dbtools.crest.swingui.logical.TVRelation" oid="4C661384-B049-812D-43CC-76572C2F9B21" otype="Relation" vid_source="A2B097AD-E03F-23E9-8B1B-A4CBAFE64625" vid_target="69D27B5E-C995-FE3C-D553-CA57A6C09BE6">
<hideElementsInCurrentOnly>false</hideElementsInCurrentOnly>
<lineWidth>1</lineWidth>
<points>
<point x="304" y="633"/>
<point x="646" y="633"/>
</points>
</Connector>
<Connector class="oracle.dbtools.crest.swingui.logical.TVRelation" oid="50B1322B-D8A2-9085-20B5-24CF6BD7357E" otype="Relation" vid_source="22C3502B-BDA8-3AEA-8A5D-70590EACC151" vid_target="C517ED45-CC9C-43C6-0A0B-8DEA9D199FFC">
<hideElementsInCurrentOnly>false</hideElementsInCurrentOnly>
<lineWidth>1</lineWidth>
<points>
<point x="2913" y="381"/>
<point x="1453" y="675"/>
</points>
</Connector>
<Connector class="oracle.dbtools.crest.swingui.logical.TVRelation" oid="50E8688B-4B1B-5B12-4DDC-550295CE2988" otype="Relation" vid_source="5CD3D036-62CE-5123-A44F-E3E31F5770FE" vid_target="FF6F3F9E-AB7D-2C3A-1D1A-348099CF8ECF">
<hideElementsInCurrentOnly>false</hideElementsInCurrentOnly>
<lineWidth>1</lineWidth>
<points>
<point x="1901" y="812"/>
<point x="1901" y="1033"/>
</points>
</Connector>
<Connector class="oracle.dbtools.crest.swingui.logical.TVRelation" oid="6C58A17B-41EA-8FE5-504E-6908567A563B" otype="Relation" vid_source="00709A6A-4271-E97E-B955-543D94A5E5F8" vid_target="A2B097AD-E03F-23E9-8B1B-A4CBAFE64625">
<hideElementsInCurrentOnly>false</hideElementsInCurrentOnly>
<lineWidth>1</lineWidth>
<points>
<point x="620" y="751"/>
<point x="304" y="633"/>
</points>
</Connector>
<Connector class="oracle.dbtools.crest.swingui.logical.TVRelation" oid="8804EF70-5624-F613-8D6C-4AFBC82F7904" otype="Relation" vid_source="7B3FBFA4-81E5-D0EF-1B8B-0978606EFDD9" vid_target="893266FE-8238-F610-65FB-54ECE2CC66A8">
<hideElementsInCurrentOnly>false</hideElementsInCurrentOnly>
<lineWidth>1</lineWidth>
<points>
<point x="290" y="2086"/>
<point x="293" y="1863"/>
</points>
</Connector>
<Connector class="oracle.dbtools.crest.swingui.logical.TVRelation" oid="ACF1DFF0-E9EA-78F8-4AA2-6612BB949D48" otype="Relation" vid_source="764CBD1A-4CE7-25B3-483A-502FF940944F" vid_target="5CD3D036-62CE-5123-A44F-E3E31F5770FE">
<hideElementsInCurrentOnly>false</hideElementsInCurrentOnly>
<lineWidth>1</lineWidth>
<points>
<point x="2253" y="1033"/>
<point x="1901" y="812"/>
</points>
</Connector>
<Connector class="oracle.dbtools.crest.swingui.logical.TVRelation" oid="B9C1825C-ADAA-83EC-0560-3D22D9041A05" otype="Relation" vid_source="A2B097AD-E03F-23E9-8B1B-A4CBAFE64625" vid_target="0658662C-B6A0-7F7E-6BEC-BAE51EFA423C">
<hideElementsInCurrentOnly>false</hideElementsInCurrentOnly>
<lineWidth>1</lineWidth>
<points>
<point x="304" y="633"/>
<point x="1821" y="812"/>
</points>
</Connector>
<Connector class="oracle.dbtools.crest.swingui.logical.TVRelation" oid="CA27ED4B-3093-8317-371F-6D0134CAEB80" otype="Relation" vid_source="A2B097AD-E03F-23E9-8B1B-A4CBAFE64625" vid_target="30078DD4-AAB1-80AD-BE58-2C158173A9A5">
<hideElementsInCurrentOnly>false</hideElementsInCurrentOnly>
<lineWidth>1</lineWidth>
<points>
<point x="304" y="633"/>
<point x="2913" y="655"/>
</points>
</Connector>
<Connector class="oracle.dbtools.crest.swingui.logical.TVRelation" oid="D01BC532-EA98-FD76-ABEA-05BC65282B58" otype="Relation" vid_source="A2B097AD-E03F-23E9-8B1B-A4CBAFE64625" vid_target="69D27B5E-C995-FE3C-D553-CA57A6C09BE6">
<hideElementsInCurrentOnly>false</hideElementsInCurrentOnly>
<lineWidth>1</lineWidth>
<points>
<point x="304" y="633"/>
<point x="646" y="633"/>
</points>
</Connector>
<Connector class="oracle.dbtools.crest.swingui.logical.TVRelation" oid="DD97152F-48C8-8CE5-E853-1CA3AB0C68EB" otype="Relation" vid_source="C517ED45-CC9C-43C6-0A0B-8DEA9D199FFC" vid_target="0658662C-B6A0-7F7E-6BEC-BAE51EFA423C">
<hideElementsInCurrentOnly>false</hideElementsInCurrentOnly>
<lineWidth>1</lineWidth>
<points>
<point x="1453" y="437"/>
<point x="1821" y="812"/>
</points>
</Connector>
<Connector class="oracle.dbtools.crest.swingui.logical.TVRelation" oid="E63BAF8A-2ABD-B855-A7A4-F35B68D3F0F8" otype="Relation" vid_source="9D4E440A-FD46-16F9-6AA0-15070C78FA6D" vid_target="30078DD4-AAB1-80AD-BE58-2C158173A9A5">
<hideElementsInCurrentOnly>false</hideElementsInCurrentOnly>
<lineWidth>1</lineWidth>
<points>
<point x="2597" y="812"/>
<point x="2913" y="655"/>
</points>
</Connector>
</connectors>
</Diagram>