<?xml version = '1.0' encoding = 'UTF-8'?>
<SegmentOraclev10g class="oracle.dbtools.crest.model.design.storage.oracle.v10g.SegmentOraclev10g" name="Storage35" directorySegmentName="seg_0" id="73F95D6D-4CC7-F9DA-1720-2F9D19CAFA78">
<createdBy>riho</createdBy>
<createdTime>2015-05-08 06:10:17 UTC</createdTime>
<ownerDesignName>BD2Design-RO-TP2</ownerDesignName>
<initrans>2</initrans>
<maxTrans>255</maxTrans>
<scInitialExtent>1048576</scInitialExtent>
<scMaxExtents>2147483645</scMaxExtents>
<scNextExtent>1048576</scNextExtent>
</SegmentOraclev10g>