<?xml version = '1.0' encoding = 'UTF-8'?>
<SegmentOraclev10g class="oracle.dbtools.crest.model.design.storage.oracle.v10g.SegmentOraclev10g" name="Storage1" directorySegmentName="seg_0" id="B261841D-A2DA-C37F-CC49-FC92C179C853">
<createdBy>riho</createdBy>
<createdTime>2015-05-08 06:10:15 UTC</createdTime>
<ownerDesignName>BD2Design-RO-TP2</ownerDesignName>
<maxTrans>255</maxTrans>
<scInitialExtent>1048576</scInitialExtent>
<scMaxExtents>2147483645</scMaxExtents>
<scNextExtent>1048576</scNextExtent>
</SegmentOraclev10g>