<?xml version = '1.0' encoding = 'UTF-8'?>
<SegmentOraclev10g class="oracle.dbtools.crest.model.design.storage.oracle.v10g.SegmentOraclev10g" name="Storage4" directorySegmentName="seg_0" id="B7105F40-BAE2-0F7A-C0EA-60F26D930838">
<createdBy>riho</createdBy>
<createdTime>2015-05-08 06:10:15 UTC</createdTime>
<ownerDesignName>BD2Design-RO-TP2</ownerDesignName>
<maxTrans>255</maxTrans>
<pcTFree>28</pcTFree>
<scInitialExtent>245760</scInitialExtent>
<scMaxExtents>2147483645</scMaxExtents>
<scNextExtent>122880</scNextExtent>
</SegmentOraclev10g>