<?xml version = '1.0' encoding = 'UTF-8'?>
<SegmentOraclev10g class="oracle.dbtools.crest.model.design.storage.oracle.v10g.SegmentOraclev10g" name="Storage38" directorySegmentName="seg_0" id="E241BF1C-484D-FFFF-EB93-6F801C180DC7">
<createdBy>riho</createdBy>
<createdTime>2015-05-08 06:10:17 UTC</createdTime>
<ownerDesignName>BD2Design-RO-TP2</ownerDesignName>
<initrans>2</initrans>
<maxTrans>255</maxTrans>
<scInitialExtent>65536</scInitialExtent>
<scMaxExtents>2147483645</scMaxExtents>
<scNextExtent>1048576</scNextExtent>
</SegmentOraclev10g>