<?xml version = '1.0' encoding = 'UTF-8'?>
<FunctionOracle class="oracle.dbtools.crest.model.design.storage.oracle.FunctionOracle" name="SP_TEST_GETARTIC_V2" directorySegmentName="seg_0" id="E6B59E1C-274E-818B-70E2-2424EE940803">
<sourceConnName>HostOnly-Master-proyectopdb-mviales</sourceConnName>
<sourceObjSchema>MVIALES</sourceObjSchema>
<sourceObjName>SP_TEST_GETARTIC_V2</sourceObjName>
<createdBy>riho</createdBy>
<createdTime>2015-05-08 06:10:21 UTC</createdTime>
<ownerDesignName>BD2Design-RO-TP2</ownerDesignName>
<owner>B1F59BFA-3907-F37A-27F4-1DE05E6D58A1</owner>
<source>CREATE OR REPLACE FUNCTION         MVIALES.SP_TEST_GETARTIC_V2&lt;br/&gt;  RETURN SYS_REFCURSOR&lt;br/&gt;AS&lt;br/&gt;  CURRESP SYS_REFCURSOR;&lt;br/&gt;BEGIN&lt;br/&gt;  SP_GETARTIC_V2(CURRESP);&lt;br/&gt;  RETURN CURRESP;&lt;br/&gt;END;</source>
</FunctionOracle>