<?xml version = '1.0' encoding = 'UTF-8'?>
<StructuredTypeProxyOraclev10g class="oracle.dbtools.crest.model.design.storage.oracle.v10g.StructuredTypeProxyOraclev10g" name="FACTURACOMPRAS_RO_TYPE" directorySegmentName="seg_0" id="C72C4A17-AAC7-B067-AB60-FDEB764E556D">
<createdBy>curso</createdBy>
<createdTime>2015-06-10 19:21:45 UTC</createdTime>
<generatorID>Generado por el Usuario</generatorID>
<ownerDesignName>BD2Design-RO-TP2</ownerDesignName>
<attributes itemClass="oracle.dbtools.crest.model.design.storage.oracle.v9i.TypeElementProxyOraclev9i">
<Attribute name="LISTA_LINEASFACTURA" id="04B0967E-86C5-9CBF-58EB-D23E3D42C2F0">
<createdBy>curso</createdBy>
<createdTime>2015-06-10 19:21:45 UTC</createdTime>
<generatorID>Generado por el Usuario</generatorID>
<ownerDesignName>BD2Design-RO-TP2</ownerDesignName>
</Attribute>
<Attribute name="FECREGISTRO" id="28861053-85CB-BA28-3B11-76A2C8C7B8E6">
<createdBy>curso</createdBy>
<createdTime>2015-06-10 19:21:45 UTC</createdTime>
<generatorID>Generado por el Usuario</generatorID>
<ownerDesignName>BD2Design-RO-TP2</ownerDesignName>
</Attribute>
<Attribute name="NUMEROFACTURA" id="3403C8C7-3D72-8DD9-E266-F87A7431342F">
<createdBy>curso</createdBy>
<createdTime>2015-06-10 19:21:45 UTC</createdTime>
<generatorID>Generado por el Usuario</generatorID>
<ownerDesignName>BD2Design-RO-TP2</ownerDesignName>
</Attribute>
<Attribute name="USUARIO" id="C5A415C8-4CE6-9D3E-C761-05AA2371E2F1">
<createdBy>curso</createdBy>
<createdTime>2015-06-10 19:33:29 UTC</createdTime>
<generatorID>Generado por el Usuario</generatorID>
<ownerDesignName>BD2Design-RO-TP2</ownerDesignName>
</Attribute>
<Attribute name="FECCOMPRA" id="DA4DD8D9-810D-A580-9C8B-C12B01A0D605">
<createdBy>curso</createdBy>
<createdTime>2015-06-10 20:57:41 UTC</createdTime>
<generatorID>Generado por el Usuario</generatorID>
<ownerDesignName>BD2Design-RO-TP2</ownerDesignName>
</Attribute>
<Attribute name="PROVEEDOR" id="E6E23420-D16B-2A0B-0B6D-1A428E59FDF4">
<createdBy>curso</createdBy>
<createdTime>2015-06-10 19:33:12 UTC</createdTime>
<generatorID>Generado por el Usuario</generatorID>
<ownerDesignName>BD2Design-RO-TP2</ownerDesignName>
</Attribute>
</attributes>
</StructuredTypeProxyOraclev10g>