<?xml version = '1.0' encoding = 'UTF-8'?>
<StructuredTypeProxyOraclev10g class="oracle.dbtools.crest.model.design.storage.oracle.v10g.StructuredTypeProxyOraclev10g" name="LINEAFACTURA_RO_TYPE" directorySegmentName="seg_0" id="D4CC2B1C-FFFB-34E6-DAC8-815E9963C78F">
<createdBy>curso</createdBy>
<createdTime>2015-06-10 19:21:45 UTC</createdTime>
<generatorID>Generado por el Usuario</generatorID>
<ownerDesignName>BD2Design-RO-TP2</ownerDesignName>
<attributes itemClass="oracle.dbtools.crest.model.design.storage.oracle.v9i.TypeElementProxyOraclev9i">
<Attribute name="MARCA" id="07B4872E-9F4E-4954-6D81-4A2175635B6D">
<createdBy>curso</createdBy>
<createdTime>2015-06-10 19:30:09 UTC</createdTime>
<generatorID>Generado por el Usuario</generatorID>
<ownerDesignName>BD2Design-RO-TP2</ownerDesignName>
</Attribute>
<Attribute name="ESTADOARTICULO" id="0C0CE2E3-BE3D-8497-E0D3-436B2D25E90C">
<createdBy>curso</createdBy>
<createdTime>2015-06-10 19:31:33 UTC</createdTime>
<generatorID>Generado por el Usuario</generatorID>
<ownerDesignName>BD2Design-RO-TP2</ownerDesignName>
</Attribute>
<Attribute name="FAMILIA" id="16DFCF2E-56B8-50B8-EC91-FB6241A7369D">
<createdBy>curso</createdBy>
<createdTime>2015-06-10 19:30:20 UTC</createdTime>
<generatorID>Generado por el Usuario</generatorID>
<ownerDesignName>BD2Design-RO-TP2</ownerDesignName>
</Attribute>
<Attribute name="CANTMAXIMA" id="55461745-5189-A399-6C69-F720A7D4BACA">
<createdBy>curso</createdBy>
<createdTime>2015-06-10 19:30:59 UTC</createdTime>
<generatorID>Generado por el Usuario</generatorID>
<ownerDesignName>BD2Design-RO-TP2</ownerDesignName>
</Attribute>
<Attribute name="DESCRIPCION" id="5F43BDF8-B8B4-7255-5F17-06EEEA1C913F">
<createdBy>curso</createdBy>
<createdTime>2015-06-10 19:28:48 UTC</createdTime>
<generatorID>Generado por el Usuario</generatorID>
<ownerDesignName>BD2Design-RO-TP2</ownerDesignName>
</Attribute>
<Attribute name="PRECIOMERCDOLARES" id="86FBD9E2-4B2A-D067-7E6E-F350C33FC8C2">
<createdBy>curso</createdBy>
<createdTime>2015-06-10 19:29:14 UTC</createdTime>
<generatorID>Generado por el Usuario</generatorID>
<ownerDesignName>BD2Design-RO-TP2</ownerDesignName>
</Attribute>
<Attribute name="UNDMEDIDA" id="B0F80177-1153-C7F5-DBA4-B3F386AA8835">
<createdBy>curso</createdBy>
<createdTime>2015-06-10 19:29:52 UTC</createdTime>
<generatorID>Generado por el Usuario</generatorID>
<ownerDesignName>BD2Design-RO-TP2</ownerDesignName>
</Attribute>
<Attribute name="CANTMINIMA" id="C7860D50-005B-845A-6180-509AC012649E">
<createdBy>curso</createdBy>
<createdTime>2015-06-10 19:31:11 UTC</createdTime>
<generatorID>Generado por el Usuario</generatorID>
<ownerDesignName>BD2Design-RO-TP2</ownerDesignName>
</Attribute>
<Attribute name="CODARTICULO" id="CADFA36F-1BC2-3300-E853-4C4A881F3A62">
<createdBy>curso</createdBy>
<createdTime>2015-06-10 19:28:11 UTC</createdTime>
<generatorID>Generado por el Usuario</generatorID>
<ownerDesignName>BD2Design-RO-TP2</ownerDesignName>
</Attribute>
<Attribute name="CANTIDAD" id="E4296E8B-D704-694C-8B8B-CBBEC9A8E4CD">
<createdBy>curso</createdBy>
<createdTime>2015-06-10 19:21:45 UTC</createdTime>
<generatorID>Generado por el Usuario</generatorID>
<ownerDesignName>BD2Design-RO-TP2</ownerDesignName>
</Attribute>
</attributes>
</StructuredTypeProxyOraclev10g>