<?xml version = '1.0' encoding = 'UTF-8'?>
<relationalModel class="oracle.dbtools.crest.model.design.relational.RelationalDesign" name="HostOnly-Master-proyectopdb-mviales" id="1409979B-BAC5-3879-5335-0A12C11D4A71" mainViewID="5FF671CE-A2F4-168B-A1F7-54DC5BFA70F6">
<createdBy>riho</createdBy>
<createdTime>2015-05-08 06:10:13 UTC</createdTime>
<ownerDesignName>BD2DesignTP2</ownerDesignName>
<shouldBeOpen>true</shouldBeOpen>
<selectedRDBMSSite>3FD120B5-9F4E-6278-D5E2-746D192C8319</selectedRDBMSSite>
<redirectConnectionStamp class="oracle.dbtools.crest.imports.DBConnectionStamp">
<connName>oraserveri-proyectopdb-mviales</connName>
<connUrl>jdbc:oracle:thin:@172.19.127.101:1521/proyectopdb</connUrl>
<connUser>mviales</connUser>
<connType>1</connType>
<syncSelected>-1</syncSelected>
</redirectConnectionStamp>
<importConnectionStamps>
<importConnectionStamp class="oracle.dbtools.crest.imports.DBConnectionStamp">
<connName>HostOnly-Master-proyectopdb-mviales</connName>
<connUrl>jdbc:oracle:thin:@192.168.13.128:1521/proyectopdb</connUrl>
<connUser>mviales</connUser>
<connType>1</connType>
<syncSelected>1</syncSelected>
</importConnectionStamp>
</importConnectionStamps>
</relationalModel>