<?xml version = '1.0' encoding = 'UTF-8'?>
<relationalModel class="oracle.dbtools.crest.model.design.relational.RelationalDesign" name="Relational_2" id="D5ED5A6F-A3BD-A52A-CEF9-2699C94A906C" mainViewID="A02134DA-C802-6D70-738C-D4266D750B85">
<createdBy>curso</createdBy>
<createdTime>2015-06-10 19:38:50 UTC</createdTime>
<generatorID>Generado por el Usuario</generatorID>
<ownerDesignName>BD2Design-RO-TP2</ownerDesignName>
<shouldBeOpen>false</shouldBeOpen>
<selectedRDBMSSite>32076570-2523-435C-2E92-BF29817DFF70</selectedRDBMSSite>
</relationalModel>