<?xml version = '1.0' encoding = 'UTF-8'?>
<StructuredType class="oracle.dbtools.crest.model.design.datatypes.StructuredType" name="FACTURACOMPRAS_RO_TYPE" directorySegmentName="seg_0" id="C72C4A17-AAC7-B067-AB60-FDEB764E556D">
<sourceConnName>oraserveri-proyectopdb-mviales</sourceConnName>
<sourceObjSchema>mviales</sourceObjSchema>
<sourceObjName>FACTURACOMPRAS_TYPE</sourceObjName>
<createdBy>riho</createdBy>
<createdTime>2015-05-14 04:36:33 UTC</createdTime>
<ownerDesignName>BD2Design-RO-TP2</ownerDesignName>
<predefined>false</predefined>
<final>false</final>
<instantiable>true</instantiable>
<attributes itemClass="oracle.dbtools.crest.model.design.datatypes.TypeElement">
<Attribute name="NUMEROFACTURA" id="3403C8C7-3D72-8DD9-E266-F87A7431342F">
<sourceConnName>oraserveri-proyectopdb-mviales</sourceConnName>
<sourceObjSchema>mviales</sourceObjSchema>
<sourceObjName>CODIGO</sourceObjName>
<createdBy>riho</createdBy>
<createdTime>2015-05-14 04:36:46 UTC</createdTime>
<ownerDesignName>BD2Design-RO-TP2</ownerDesignName>
<mandatory>false</mandatory>
<precision>10</precision>
<reference>false</reference>
<scale>0</scale>
<type>LOGDT019</type>
</Attribute>
<Attribute name="FECREGISTRO" id="28861053-85CB-BA28-3B11-76A2C8C7B8E6">
<sourceConnName>oraserveri-proyectopdb-mviales</sourceConnName>
<sourceObjSchema>mviales</sourceObjSchema>
<sourceObjName>FECREGISTRO</sourceObjName>
<createdBy>riho</createdBy>
<createdTime>2015-05-14 04:39:12 UTC</createdTime>
<ownerDesignName>BD2Design-RO-TP2</ownerDesignName>
<mandatory>false</mandatory>
<precision>0</precision>
<reference>false</reference>
<scale>0</scale>
<type>LOGDT008</type>
</Attribute>
<Attribute name="FECCOMPRA" id="DA4DD8D9-810D-A580-9C8B-C12B01A0D605">
<createdBy>curso</createdBy>
<createdTime>2015-06-10 20:57:17 UTC</createdTime>
<generatorID>Generado por el Usuario</generatorID>
<ownerDesignName>BD2Design-RO-TP2</ownerDesignName>
<mandatory>false</mandatory>
<precision>0</precision>
<reference>false</reference>
<scale>0</scale>
<type>LOGDT008</type>
</Attribute>
<Attribute name="PROVEEDOR" id="E6E23420-D16B-2A0B-0B6D-1A428E59FDF4">
<createdBy>curso</createdBy>
<createdTime>2015-06-10 19:32:59 UTC</createdTime>
<generatorID>Generado por el Usuario</generatorID>
<ownerDesignName>BD2Design-RO-TP2</ownerDesignName>
<mandatory>false</mandatory>
<precision>0</precision>
<reference>false</reference>
<scale>0</scale>
<size>30</size>
<type>LOGDT024</type>
</Attribute>
<Attribute name="USUARIO" id="C5A415C8-4CE6-9D3E-C761-05AA2371E2F1">
<createdBy>curso</createdBy>
<createdTime>2015-06-10 19:33:19 UTC</createdTime>
<generatorID>Generado por el Usuario</generatorID>
<ownerDesignName>BD2Design-RO-TP2</ownerDesignName>
<mandatory>false</mandatory>
<precision>0</precision>
<reference>false</reference>
<scale>0</scale>
<size>30</size>
<type>LOGDT024</type>
</Attribute>
<Attribute name="LISTA_LINEASFACTURA" id="04B0967E-86C5-9CBF-58EB-D23E3D42C2F0">
<sourceConnName>oraserveri-proyectopdb-mviales</sourceConnName>
<sourceObjSchema>mviales</sourceObjSchema>
<sourceObjName>LISTA_LINEASFACTURA</sourceObjName>
<createdBy>riho</createdBy>
<createdTime>2015-05-14 04:44:52 UTC</createdTime>
<ownerDesignName>BD2Design-RO-TP2</ownerDesignName>
<mandatory>false</mandatory>
<precision>0</precision>
<reference>false</reference>
<referencerelation>601B1214-9704-A291-B1BA-359C7A64E61C</referencerelation>
<scale>0</scale>
<type>398874F5-2636-C95F-730B-596ACA037E50</type>
<referenceID>601B1214-9704-A291-B1BA-359C7A64E61C</referenceID>
</Attribute>
</attributes>
</StructuredType>