<?xml version = '1.0' encoding = 'UTF-8'?>
<StructuredType class="oracle.dbtools.crest.model.design.datatypes.StructuredType" name="LINEAFACTURA_RO_TYPE" directorySegmentName="seg_0" id="D4CC2B1C-FFFB-34E6-DAC8-815E9963C78F">
<sourceConnName>oraserveri-proyectopdb-mviales</sourceConnName>
<sourceObjSchema>mviales</sourceObjSchema>
<sourceObjName>LINEAFACTURA_TYPE</sourceObjName>
<createdBy>riho</createdBy>
<createdTime>2015-05-14 04:40:35 UTC</createdTime>
<ownerDesignName>BD2Design-RO-TP2</ownerDesignName>
<predefined>false</predefined>
<final>false</final>
<instantiable>true</instantiable>
<attributes itemClass="oracle.dbtools.crest.model.design.datatypes.TypeElement">
<Attribute name="CODARTICULO" id="CADFA36F-1BC2-3300-E853-4C4A881F3A62">
<createdBy>curso</createdBy>
<createdTime>2015-06-10 19:27:36 UTC</createdTime>
<generatorID>Generado por el Usuario</generatorID>
<ownerDesignName>BD2Design-RO-TP2</ownerDesignName>
<mandatory>false</mandatory>
<precision>0</precision>
<reference>false</reference>
<scale>0</scale>
<size>30</size>
<type>LOGDT024</type>
</Attribute>
<Attribute name="DESCRIPCION" id="5F43BDF8-B8B4-7255-5F17-06EEEA1C913F">
<createdBy>curso</createdBy>
<createdTime>2015-06-10 19:28:27 UTC</createdTime>
<generatorID>Generado por el Usuario</generatorID>
<ownerDesignName>BD2Design-RO-TP2</ownerDesignName>
<mandatory>false</mandatory>
<precision>0</precision>
<reference>false</reference>
<scale>0</scale>
<size>256</size>
<type>LOGDT024</type>
</Attribute>
<Attribute name="PRECIOMERCDOLARES" id="86FBD9E2-4B2A-D067-7E6E-F350C33FC8C2">
<createdBy>curso</createdBy>
<createdTime>2015-06-10 19:28:57 UTC</createdTime>
<generatorID>Generado por el Usuario</generatorID>
<ownerDesignName>BD2Design-RO-TP2</ownerDesignName>
<mandatory>false</mandatory>
<precision>17</precision>
<reference>false</reference>
<scale>2</scale>
<type>LOGDT019</type>
</Attribute>
<Attribute name="UNDMEDIDA" id="B0F80177-1153-C7F5-DBA4-B3F386AA8835">
<createdBy>curso</createdBy>
<createdTime>2015-06-10 19:29:15 UTC</createdTime>
<generatorID>Generado por el Usuario</generatorID>
<ownerDesignName>BD2Design-RO-TP2</ownerDesignName>
<mandatory>false</mandatory>
<precision>0</precision>
<reference>false</reference>
<scale>0</scale>
<size>10</size>
<type>LOGDT024</type>
</Attribute>
<Attribute name="MARCA" id="07B4872E-9F4E-4954-6D81-4A2175635B6D">
<createdBy>curso</createdBy>
<createdTime>2015-06-10 19:29:54 UTC</createdTime>
<generatorID>Generado por el Usuario</generatorID>
<ownerDesignName>BD2Design-RO-TP2</ownerDesignName>
<mandatory>false</mandatory>
<precision>0</precision>
<reference>false</reference>
<scale>0</scale>
<size>30</size>
<type>LOGDT024</type>
</Attribute>
<Attribute name="FAMILIA" id="16DFCF2E-56B8-50B8-EC91-FB6241A7369D">
<createdBy>curso</createdBy>
<createdTime>2015-06-10 19:30:10 UTC</createdTime>
<generatorID>Generado por el Usuario</generatorID>
<ownerDesignName>BD2Design-RO-TP2</ownerDesignName>
<mandatory>false</mandatory>
<precision>0</precision>
<reference>false</reference>
<scale>0</scale>
<size>30</size>
<type>LOGDT024</type>
</Attribute>
<Attribute name="CANTIDAD" id="E4296E8B-D704-694C-8B8B-CBBEC9A8E4CD">
<sourceConnName>oraserveri-proyectopdb-mviales</sourceConnName>
<sourceObjSchema>mviales</sourceObjSchema>
<sourceObjName>CANTIDAD</sourceObjName>
<createdBy>riho</createdBy>
<createdTime>2015-05-14 04:41:41 UTC</createdTime>
<ownerDesignName>BD2Design-RO-TP2</ownerDesignName>
<mandatory>false</mandatory>
<precision>10</precision>
<reference>false</reference>
<scale>0</scale>
<type>LOGDT019</type>
</Attribute>
<Attribute name="CANTMAXIMA" id="55461745-5189-A399-6C69-F720A7D4BACA">
<createdBy>curso</createdBy>
<createdTime>2015-06-10 19:30:22 UTC</createdTime>
<generatorID>Generado por el Usuario</generatorID>
<ownerDesignName>BD2Design-RO-TP2</ownerDesignName>
<mandatory>false</mandatory>
<precision>10</precision>
<reference>false</reference>
<scale>0</scale>
<type>LOGDT019</type>
</Attribute>
<Attribute name="CANTMINIMA" id="C7860D50-005B-845A-6180-509AC012649E">
<createdBy>curso</createdBy>
<createdTime>2015-06-10 19:31:01 UTC</createdTime>
<generatorID>Generado por el Usuario</generatorID>
<ownerDesignName>BD2Design-RO-TP2</ownerDesignName>
<mandatory>false</mandatory>
<precision>10</precision>
<reference>false</reference>
<scale>0</scale>
<type>LOGDT019</type>
</Attribute>
<Attribute name="ESTADOARTICULO" id="0C0CE2E3-BE3D-8497-E0D3-436B2D25E90C">
<createdBy>curso</createdBy>
<createdTime>2015-06-10 19:31:12 UTC</createdTime>
<generatorID>Generado por el Usuario</generatorID>
<ownerDesignName>BD2Design-RO-TP2</ownerDesignName>
<mandatory>false</mandatory>
<precision>0</precision>
<reference>false</reference>
<scale>0</scale>
<size>30</size>
<type>LOGDT024</type>
</Attribute>
</attributes>
</StructuredType>