<?xml version = '1.0' encoding = 'UTF-8'?>
<StoredProcedureOraclev10g class="oracle.dbtools.crest.model.design.storage.oracle.v10g.StoredProcedureOraclev10g" name="SP_BORRARARTICULO" directorySegmentName="seg_0" id="0161C1FC-3D68-2C94-F2D8-213CE1671851">
<sourceConnName>HostOnly-Master-proyectopdb-mviales</sourceConnName>
<sourceObjSchema>MVIALES</sourceObjSchema>
<sourceObjName>SP_BORRARARTICULO</sourceObjName>
<createdBy>riho</createdBy>
<createdTime>2015-05-08 06:10:21 UTC</createdTime>
<ownerDesignName>BD2Design-RO-TP2</ownerDesignName>
<owner>B1F59BFA-3907-F37A-27F4-1DE05E6D58A1</owner>
<source>CREATE OR REPLACE Procedure MVIALES.SP_BORRARARTICULO (&lt;br/&gt;      IN_CODARTICULO IN VARCHAR2)&lt;br/&gt;    AS&lt;br/&gt;    BEGIN&lt;br/&gt;        DELETE FROM  T_COMPONENTES&lt;br/&gt;        WHERE CODCOMPONENTE = IN_CODARTICULO OR CODARTICULO = IN_CODARTICULO;&lt;br/&gt;        DELETE FROM  T_ARTICULOS&lt;br/&gt;        WHERE CODIGO = IN_CODARTICULO;&lt;br/&gt;    END;</source>
<body>CREATE OR REPLACE Procedure MVIALES.SP_BORRARARTICULO (&lt;br/&gt;      IN_CODARTICULO IN VARCHAR2)&lt;br/&gt;    AS&lt;br/&gt;    BEGIN&lt;br/&gt;        DELETE FROM  T_COMPONENTES&lt;br/&gt;        WHERE CODCOMPONENTE = IN_CODARTICULO OR CODARTICULO = IN_CODARTICULO;&lt;br/&gt;        DELETE FROM  T_ARTICULOS&lt;br/&gt;        WHERE CODIGO = IN_CODARTICULO;&lt;br/&gt;    END;</body>
</StoredProcedureOraclev10g>