<?xml version = '1.0' encoding = 'UTF-8'?>
<StoredProcedureOraclev10g class="oracle.dbtools.crest.model.design.storage.oracle.v10g.StoredProcedureOraclev10g" name="SP_GETARTICULOS" directorySegmentName="seg_0" id="1D8AE355-F853-D8F9-13C1-B4570D677618">
<sourceConnName>HostOnly-Master-proyectopdb-mviales</sourceConnName>
<sourceObjSchema>MVIALES</sourceObjSchema>
<sourceObjName>SP_GETARTICULOS</sourceObjName>
<createdBy>riho</createdBy>
<createdTime>2015-05-08 06:10:21 UTC</createdTime>
<ownerDesignName>BD2Design-RO-TP2</ownerDesignName>
<owner>B1F59BFA-3907-F37A-27F4-1DE05E6D58A1</owner>
<source>CREATE OR REPLACE Procedure         MVIALES.SP_GETARTICULOS&lt;br/&gt;IS&lt;br/&gt;      Var_codArticulo VARCHAR2(20);&lt;br/&gt;      Var_descripcion VARCHAR2(40);&lt;br/&gt;      Var_codUnidMed VARCHAR2(40);&lt;br/&gt;      Var_codMarca NUMBER(3);&lt;br/&gt;      Var_modelo VARCHAR2(15);&lt;br/&gt;      Var_fechaReg DATE;&lt;br/&gt;      Var_codFamilia NUMBER(3);&lt;br/&gt;      Var_codEstArticulo NUMBER(3);&lt;br/&gt;      Var_codUserRegistro VARCHAR2(10);&lt;br/&gt;      Var_Cant NUMBER(10);&lt;br/&gt;      Var_CantMax NUMBER(10);&lt;br/&gt;      Var_CantMin NUMBER(10);&lt;br/&gt;      Var_PrecioMerDolar NUMBER(17,2);&lt;br/&gt;      Var_FechaActPrecio DATE;&lt;br/&gt;      &lt;br/&gt;      CURSOR cursorArticulos IS SELECT codigo,descripcion,undMedida,codMarca,modelo,fecRegistro,codFamilia,&lt;br/&gt;      codEstArticulo,codUserRegistro,cantidad,cantMaxima,cantMinima,precioMercDolares,fechaActPrecio FROM t_articulos;&lt;br/&gt;&lt;br/&gt;BEGIN&lt;br/&gt;      open cursorArticulos;&lt;br/&gt;      loop&lt;br/&gt;        fetch cursorArticulos into Var_codArticulo,Var_descripcion,Var_codUnidMed,Var_codMarca,Var_modelo,Var_fechaReg,&lt;br/&gt;        Var_codFamilia,Var_codEstArticulo,Var_codUserRegistro,Var_Cant,Var_CantMax,Var_CantMin,Var_PrecioMerDolar,Var_FechaActPrecio; &lt;br/&gt;        exit when cursorArticulos %notfound;&lt;br/&gt;        DBMS_OUTPUT.PUT_LINE(Var_descripcion); --solo para verifcar&lt;br/&gt;      end loop;&lt;br/&gt;      close cursorArticulos;&lt;br/&gt;      --RETURN;&lt;br/&gt;END SP_GetArticulos;</source>
<body>CREATE OR REPLACE Procedure         MVIALES.SP_GETARTICULOS&lt;br/&gt;IS&lt;br/&gt;      Var_codArticulo VARCHAR2(20);&lt;br/&gt;      Var_descripcion VARCHAR2(40);&lt;br/&gt;      Var_codUnidMed VARCHAR2(40);&lt;br/&gt;      Var_codMarca NUMBER(3);&lt;br/&gt;      Var_modelo VARCHAR2(15);&lt;br/&gt;      Var_fechaReg DATE;&lt;br/&gt;      Var_codFamilia NUMBER(3);&lt;br/&gt;      Var_codEstArticulo NUMBER(3);&lt;br/&gt;      Var_codUserRegistro VARCHAR2(10);&lt;br/&gt;      Var_Cant NUMBER(10);&lt;br/&gt;      Var_CantMax NUMBER(10);&lt;br/&gt;      Var_CantMin NUMBER(10);&lt;br/&gt;      Var_PrecioMerDolar NUMBER(17,2);&lt;br/&gt;      Var_FechaActPrecio DATE;&lt;br/&gt;      &lt;br/&gt;      CURSOR cursorArticulos IS SELECT codigo,descripcion,undMedida,codMarca,modelo,fecRegistro,codFamilia,&lt;br/&gt;      codEstArticulo,codUserRegistro,cantidad,cantMaxima,cantMinima,precioMercDolares,fechaActPrecio FROM t_articulos;&lt;br/&gt;&lt;br/&gt;BEGIN&lt;br/&gt;      open cursorArticulos;&lt;br/&gt;      loop&lt;br/&gt;        fetch cursorArticulos into Var_codArticulo,Var_descripcion,Var_codUnidMed,Var_codMarca,Var_modelo,Var_fechaReg,&lt;br/&gt;        Var_codFamilia,Var_codEstArticulo,Var_codUserRegistro,Var_Cant,Var_CantMax,Var_CantMin,Var_PrecioMerDolar,Var_FechaActPrecio; &lt;br/&gt;        exit when cursorArticulos %notfound;&lt;br/&gt;        DBMS_OUTPUT.PUT_LINE(Var_descripcion); --solo para verifcar&lt;br/&gt;      end loop;&lt;br/&gt;      close cursorArticulos;&lt;br/&gt;      --RETURN;&lt;br/&gt;END SP_GetArticulos;</body>
</StoredProcedureOraclev10g>