<?xml version = '1.0' encoding = 'UTF-8'?>
<StoredProcedureOraclev10g class="oracle.dbtools.crest.model.design.storage.oracle.v10g.StoredProcedureOraclev10g" name="SP_MODIFICARARTICULO" directorySegmentName="seg_0" id="34785DB6-C11B-CACB-801C-3990F8BABE2B">
<sourceConnName>HostOnly-Master-proyectopdb-mviales</sourceConnName>
<sourceObjSchema>MVIALES</sourceObjSchema>
<sourceObjName>SP_MODIFICARARTICULO</sourceObjName>
<createdBy>riho</createdBy>
<createdTime>2015-05-08 06:10:21 UTC</createdTime>
<ownerDesignName>BD2Design-RO-TP2</ownerDesignName>
<owner>B1F59BFA-3907-F37A-27F4-1DE05E6D58A1</owner>
<source>CREATE OR REPLACE Procedure         MVIALES.SP_MODIFICARARTICULO (IN_CODIGO IN VARCHAR2, IN_CODUSERREGISTRO IN VARCHAR2, IN_PRECIOMERCDOLARES IN NUMBER)&lt;br/&gt;&lt;br/&gt;AS&lt;br/&gt;BEGIN&lt;br/&gt;&lt;br/&gt;UPDATE  t_articulos &lt;br/&gt;      SET CODUSERREGISTRO = IN_CODUSERREGISTRO,&lt;br/&gt;          PRECIOMERCDOLARES = IN_PRECIOMERCDOLARES,&lt;br/&gt;          FECHAACTPRECIO = sysdate&lt;br/&gt;          WHERE CODIGO = IN_CODIGO;&lt;br/&gt;      &lt;br/&gt;END;</source>
<body>CREATE OR REPLACE Procedure         MVIALES.SP_MODIFICARARTICULO (IN_CODIGO IN VARCHAR2, IN_CODUSERREGISTRO IN VARCHAR2, IN_PRECIOMERCDOLARES IN NUMBER)&lt;br/&gt;&lt;br/&gt;AS&lt;br/&gt;BEGIN&lt;br/&gt;&lt;br/&gt;UPDATE  t_articulos &lt;br/&gt;      SET CODUSERREGISTRO = IN_CODUSERREGISTRO,&lt;br/&gt;          PRECIOMERCDOLARES = IN_PRECIOMERCDOLARES,&lt;br/&gt;          FECHAACTPRECIO = sysdate&lt;br/&gt;          WHERE CODIGO = IN_CODIGO;&lt;br/&gt;      &lt;br/&gt;END;</body>
</StoredProcedureOraclev10g>