<?xml version = '1.0' encoding = 'UTF-8'?>
<StoredProcedureOraclev10g class="oracle.dbtools.crest.model.design.storage.oracle.v10g.StoredProcedureOraclev10g" name="SP_INSERTARARTICULO" directorySegmentName="seg_0" id="4AAC5558-A22B-40B6-E671-3EF9169CA7E4">
<sourceConnName>HostOnly-Master-proyectopdb-mviales</sourceConnName>
<sourceObjSchema>MVIALES</sourceObjSchema>
<sourceObjName>SP_INSERTARARTICULO</sourceObjName>
<createdBy>riho</createdBy>
<createdTime>2015-05-08 06:10:21 UTC</createdTime>
<ownerDesignName>BD2Design-RO-TP2</ownerDesignName>
<owner>B1F59BFA-3907-F37A-27F4-1DE05E6D58A1</owner>
<source>CREATE OR REPLACE Procedure         MVIALES.SP_INSERTARARTICULO (IN_CODIGO IN VARCHAR2, IN_DESCRIPCION IN VARCHAR2, IN_UNDMEDIDA IN NUMBER, IN_CODMARCA IN NUMBER,&lt;br/&gt;                                      IN_MODELO IN VARCHAR2, IN_CODFAMILIA IN NUMBER, IN_CODESTARTICULO IN NUMBER,&lt;br/&gt;                                      IN_CODUSERREGISTRO IN VARCHAR2, IN_CANTIDAD IN NUMBER, IN_CANTMAXIMA IN NUMBER, &lt;br/&gt;                                      IN_CANTMINIMA IN NUMBER, IN_PRECIOMERCDOLARES IN NUMBER)&lt;br/&gt;&lt;br/&gt;AS&lt;br/&gt;BEGIN&lt;br/&gt;&lt;br/&gt;INSERT INTO t_articulos(CODIGO, DESCRIPCION, UNDMEDIDA, CODMARCA, MODELO, FECREGISTRO, CODFAMILIA, CODESTARTICULO, CODUSERREGISTRO, CANTIDAD, CANTMAXIMA, CANTMINIMA, PRECIOMERCDOLARES, FECHAACTPRECIO)&lt;br/&gt;VALUES(IN_CODIGO, IN_DESCRIPCION, IN_UNDMEDIDA, IN_CODMARCA, IN_MODELO, sysdate, IN_CODFAMILIA, IN_CODESTARTICULO, IN_CODUSERREGISTRO, IN_CANTIDAD, IN_CANTMAXIMA, IN_CANTMINIMA, IN_PRECIOMERCDOLARES, sysdate);&lt;br/&gt;    &lt;br/&gt;END;</source>
<body>CREATE OR REPLACE Procedure         MVIALES.SP_INSERTARARTICULO (IN_CODIGO IN VARCHAR2, IN_DESCRIPCION IN VARCHAR2, IN_UNDMEDIDA IN NUMBER, IN_CODMARCA IN NUMBER,&lt;br/&gt;                                      IN_MODELO IN VARCHAR2, IN_CODFAMILIA IN NUMBER, IN_CODESTARTICULO IN NUMBER,&lt;br/&gt;                                      IN_CODUSERREGISTRO IN VARCHAR2, IN_CANTIDAD IN NUMBER, IN_CANTMAXIMA IN NUMBER, &lt;br/&gt;                                      IN_CANTMINIMA IN NUMBER, IN_PRECIOMERCDOLARES IN NUMBER)&lt;br/&gt;&lt;br/&gt;AS&lt;br/&gt;BEGIN&lt;br/&gt;&lt;br/&gt;INSERT INTO t_articulos(CODIGO, DESCRIPCION, UNDMEDIDA, CODMARCA, MODELO, FECREGISTRO, CODFAMILIA, CODESTARTICULO, CODUSERREGISTRO, CANTIDAD, CANTMAXIMA, CANTMINIMA, PRECIOMERCDOLARES, FECHAACTPRECIO)&lt;br/&gt;VALUES(IN_CODIGO, IN_DESCRIPCION, IN_UNDMEDIDA, IN_CODMARCA, IN_MODELO, sysdate, IN_CODFAMILIA, IN_CODESTARTICULO, IN_CODUSERREGISTRO, IN_CANTIDAD, IN_CANTMAXIMA, IN_CANTMINIMA, IN_PRECIOMERCDOLARES, sysdate);&lt;br/&gt;    &lt;br/&gt;END;</body>
</StoredProcedureOraclev10g>