<?xml version = '1.0' encoding = 'UTF-8'?>
<StoredProcedureOraclev10g class="oracle.dbtools.crest.model.design.storage.oracle.v10g.StoredProcedureOraclev10g" name="SP_PROYECCIONTCNMESES" directorySegmentName="seg_0" id="59C4667D-337D-57C8-1BE2-08B637ACE1CC">
<sourceConnName>HostOnly-Master-proyectopdb-mviales</sourceConnName>
<sourceObjSchema>MVIALES</sourceObjSchema>
<sourceObjName>SP_PROYECCIONTCNMESES</sourceObjName>
<createdBy>riho</createdBy>
<createdTime>2015-05-08 06:10:21 UTC</createdTime>
<ownerDesignName>BD2Design-RO-TP2</ownerDesignName>
<owner>B1F59BFA-3907-F37A-27F4-1DE05E6D58A1</owner>
<source>CREATE OR REPLACE PROCEDURE         MVIALES.SP_PROYECCIONTCNMESES(&lt;br/&gt;  PNUMMESES IN NUMBER,&lt;br/&gt;  PNUMVALREALES IN NUMBER,&lt;br/&gt;  -- PARA INSERT SOLAMENTE&lt;br/&gt;  PCODMONEDA1 IN NUMBER,&lt;br/&gt;  PCODMONEDA2 IN NUMBER,&lt;br/&gt;  PCODIDECONO IN VARCHAR2&lt;br/&gt;) IS&lt;br/&gt;  CONTA NUMBER(10);&lt;br/&gt;  PMONTO NUMBER(17,2);&lt;br/&gt;  NEWFECHA DATE;&lt;br/&gt;BEGIN&lt;br/&gt;  CONTA := 0;&lt;br/&gt;  PMONTO := 0;&lt;br/&gt;  WHILE (CONTA &lt; PNUMMESES)&lt;br/&gt;  LOOP&lt;br/&gt;    -- INCREMENTA UN MES&lt;br/&gt;    SELECT &lt;br/&gt;      ADD_MONTHS(sysdate,CONTA) INTO NEWFECHA &lt;br/&gt;    FROM DUAL;&lt;br/&gt;    -- CALCULA EL TC PARA ESE MES&lt;br/&gt;    SP_PROYECCIONTC1MES(PNUMVALREALES, NEWFECHA, PCODMONEDA1, PCODMONEDA2, PCODIDECONO, PMONTO); &lt;br/&gt;    CONTA := CONTA + 1;&lt;br/&gt;  END LOOP;&lt;br/&gt;END;</source>
<body>CREATE OR REPLACE PROCEDURE         MVIALES.SP_PROYECCIONTCNMESES(&lt;br/&gt;  PNUMMESES IN NUMBER,&lt;br/&gt;  PNUMVALREALES IN NUMBER,&lt;br/&gt;  -- PARA INSERT SOLAMENTE&lt;br/&gt;  PCODMONEDA1 IN NUMBER,&lt;br/&gt;  PCODMONEDA2 IN NUMBER,&lt;br/&gt;  PCODIDECONO IN VARCHAR2&lt;br/&gt;) IS&lt;br/&gt;  CONTA NUMBER(10);&lt;br/&gt;  PMONTO NUMBER(17,2);&lt;br/&gt;  NEWFECHA DATE;&lt;br/&gt;BEGIN&lt;br/&gt;  CONTA := 0;&lt;br/&gt;  PMONTO := 0;&lt;br/&gt;  WHILE (CONTA &lt; PNUMMESES)&lt;br/&gt;  LOOP&lt;br/&gt;    -- INCREMENTA UN MES&lt;br/&gt;    SELECT &lt;br/&gt;      ADD_MONTHS(sysdate,CONTA) INTO NEWFECHA &lt;br/&gt;    FROM DUAL;&lt;br/&gt;    -- CALCULA EL TC PARA ESE MES&lt;br/&gt;    SP_PROYECCIONTC1MES(PNUMVALREALES, NEWFECHA, PCODMONEDA1, PCODMONEDA2, PCODIDECONO, PMONTO); &lt;br/&gt;    CONTA := CONTA + 1;&lt;br/&gt;  END LOOP;&lt;br/&gt;END;</body>
</StoredProcedureOraclev10g>