<?xml version = '1.0' encoding = 'UTF-8'?>
<StoredProcedureOraclev10g class="oracle.dbtools.crest.model.design.storage.oracle.v10g.StoredProcedureOraclev10g" name="SP_INSERTARCOMPONENTE" directorySegmentName="seg_0" id="8C68FADC-F528-935A-98B9-193CC265F8A2">
<sourceConnName>HostOnly-Master-proyectopdb-mviales</sourceConnName>
<sourceObjSchema>MVIALES</sourceObjSchema>
<sourceObjName>SP_INSERTARCOMPONENTE</sourceObjName>
<createdBy>riho</createdBy>
<createdTime>2015-05-08 06:10:21 UTC</createdTime>
<ownerDesignName>BD2Design-RO-TP2</ownerDesignName>
<owner>B1F59BFA-3907-F37A-27F4-1DE05E6D58A1</owner>
<source>CREATE OR REPLACE Procedure         MVIALES.SP_INSERTARCOMPONENTE (IN_CODIGOCOMPONENTE IN VARCHAR2,IN_CODIGOARTICULO IN VARCHAR2 )&lt;br/&gt;&lt;br/&gt;AS&lt;br/&gt;BEGIN&lt;br/&gt;&lt;br/&gt;INSERT INTO t_componentes(CODCOMPONENTE,CODARTICULO)&lt;br/&gt;VALUES (IN_CODIGOCOMPONENTE, IN_CODIGOARTICULO);&lt;br/&gt;&lt;br/&gt;END;</source>
<body>CREATE OR REPLACE Procedure         MVIALES.SP_INSERTARCOMPONENTE (IN_CODIGOCOMPONENTE IN VARCHAR2,IN_CODIGOARTICULO IN VARCHAR2 )&lt;br/&gt;&lt;br/&gt;AS&lt;br/&gt;BEGIN&lt;br/&gt;&lt;br/&gt;INSERT INTO t_componentes(CODCOMPONENTE,CODARTICULO)&lt;br/&gt;VALUES (IN_CODIGOCOMPONENTE, IN_CODIGOARTICULO);&lt;br/&gt;&lt;br/&gt;END;</body>
</StoredProcedureOraclev10g>