<?xml version = '1.0' encoding = 'UTF-8'?>
<StoredProcedureOraclev10g class="oracle.dbtools.crest.model.design.storage.oracle.v10g.StoredProcedureOraclev10g" name="SP_MODIFICARCOMPONENTE" directorySegmentName="seg_0" id="95090545-76CC-B5A3-468C-3A28670B6997">
<sourceConnName>HostOnly-Master-proyectopdb-mviales</sourceConnName>
<sourceObjSchema>MVIALES</sourceObjSchema>
<sourceObjName>SP_MODIFICARCOMPONENTE</sourceObjName>
<createdBy>riho</createdBy>
<createdTime>2015-05-08 06:10:21 UTC</createdTime>
<ownerDesignName>BD2Design-RO-TP2</ownerDesignName>
<owner>B1F59BFA-3907-F37A-27F4-1DE05E6D58A1</owner>
<source>CREATE OR REPLACE Procedure         MVIALES.SP_MODIFICARCOMPONENTE (IN_CODCOMPONENTE IN VARCHAR2,IN_CODARTICULO IN VARCHAR2)&lt;br/&gt;&lt;br/&gt;AS&lt;br/&gt;BEGIN&lt;br/&gt;&lt;br/&gt;UPDATE  t_componentes&lt;br/&gt;      SET CODARTICULO = IN_CODARTICULO&lt;br/&gt;          WHERE CODCOMPONENTE = IN_CODCOMPONENTE;&lt;br/&gt;      &lt;br/&gt;END;</source>
<body>CREATE OR REPLACE Procedure         MVIALES.SP_MODIFICARCOMPONENTE (IN_CODCOMPONENTE IN VARCHAR2,IN_CODARTICULO IN VARCHAR2)&lt;br/&gt;&lt;br/&gt;AS&lt;br/&gt;BEGIN&lt;br/&gt;&lt;br/&gt;UPDATE  t_componentes&lt;br/&gt;      SET CODARTICULO = IN_CODARTICULO&lt;br/&gt;          WHERE CODCOMPONENTE = IN_CODCOMPONENTE;&lt;br/&gt;      &lt;br/&gt;END;</body>
</StoredProcedureOraclev10g>