<?xml version = '1.0' encoding = 'UTF-8'?>
<StoredProcedureOraclev10g class="oracle.dbtools.crest.model.design.storage.oracle.v10g.StoredProcedureOraclev10g" name="SP_BORRARCOMPONENTE" directorySegmentName="seg_0" id="9615A3A0-5663-75C1-8BD7-DAA1290B0540">
<sourceConnName>HostOnly-Master-proyectopdb-mviales</sourceConnName>
<sourceObjSchema>MVIALES</sourceObjSchema>
<sourceObjName>SP_BORRARCOMPONENTE</sourceObjName>
<createdBy>riho</createdBy>
<createdTime>2015-05-08 06:10:21 UTC</createdTime>
<ownerDesignName>BD2Design-RO-TP2</ownerDesignName>
<owner>B1F59BFA-3907-F37A-27F4-1DE05E6D58A1</owner>
<source>CREATE OR REPLACE Procedure         MVIALES.SP_BORRARCOMPONENTE (IN_CODCOMPONENTE IN VARCHAR2,IN_CODARTICULO IN VARCHAR2)&lt;br/&gt;&lt;br/&gt;AS&lt;br/&gt;BEGIN&lt;br/&gt;  IF(IN_CODARTICULO IS NULL) THEN&lt;br/&gt;          DELETE FROM  t_componentes&lt;br/&gt;          WHERE CODCOMPONENTE = IN_CODCOMPONENTE;&lt;br/&gt;        ELSE&lt;br/&gt;          DELETE FROM  t_componentes&lt;br/&gt;          WHERE CODCOMPONENTE = IN_CODCOMPONENTE AND CODARTICULO = IN_CODARTICULO;&lt;br/&gt;  END IF;&lt;br/&gt;&lt;br/&gt;END;</source>
<body>CREATE OR REPLACE Procedure         MVIALES.SP_BORRARCOMPONENTE (IN_CODCOMPONENTE IN VARCHAR2,IN_CODARTICULO IN VARCHAR2)&lt;br/&gt;&lt;br/&gt;AS&lt;br/&gt;BEGIN&lt;br/&gt;  IF(IN_CODARTICULO IS NULL) THEN&lt;br/&gt;          DELETE FROM  t_componentes&lt;br/&gt;          WHERE CODCOMPONENTE = IN_CODCOMPONENTE;&lt;br/&gt;        ELSE&lt;br/&gt;          DELETE FROM  t_componentes&lt;br/&gt;          WHERE CODCOMPONENTE = IN_CODCOMPONENTE AND CODARTICULO = IN_CODARTICULO;&lt;br/&gt;  END IF;&lt;br/&gt;&lt;br/&gt;END;</body>
</StoredProcedureOraclev10g>