<?xml version = '1.0' encoding = 'UTF-8'?>
<StoredProcedureOraclev10g class="oracle.dbtools.crest.model.design.storage.oracle.v10g.StoredProcedureOraclev10g" name="SP_GETARTIC_V2" directorySegmentName="seg_0" id="E5C1E62C-1278-0154-41E0-27DE11C37A8C">
<sourceConnName>HostOnly-Master-proyectopdb-mviales</sourceConnName>
<sourceObjSchema>MVIALES</sourceObjSchema>
<sourceObjName>SP_GETARTIC_V2</sourceObjName>
<createdBy>riho</createdBy>
<createdTime>2015-05-08 06:10:21 UTC</createdTime>
<ownerDesignName>BD2Design-RO-TP2</ownerDesignName>
<owner>B1F59BFA-3907-F37A-27F4-1DE05E6D58A1</owner>
<source>CREATE OR REPLACE PROCEDURE         MVIALES.SP_GETARTIC_V2(&lt;br/&gt;    CURRESP OUT SYS_REFCURSOR&lt;br/&gt;) AS BEGIN&lt;br/&gt;  OPEN CURRESP FOR&lt;br/&gt;    SELECT TA.DESCRIPCION FROM T_ARTICULOS TA;&lt;br/&gt;END;</source>
<body>CREATE OR REPLACE PROCEDURE         MVIALES.SP_GETARTIC_V2(&lt;br/&gt;    CURRESP OUT SYS_REFCURSOR&lt;br/&gt;) AS BEGIN&lt;br/&gt;  OPEN CURRESP FOR&lt;br/&gt;    SELECT TA.DESCRIPCION FROM T_ARTICULOS TA;&lt;br/&gt;END;</body>
</StoredProcedureOraclev10g>