<?xml version = '1.0' encoding = 'UTF-8'?>
<StoredProcedureOraclev10g class="oracle.dbtools.crest.model.design.storage.oracle.v10g.StoredProcedureOraclev10g" name="SP_OBTENERTC" directorySegmentName="seg_0" id="ED42CE27-A188-1FB4-0782-0A8B0615448B">
<sourceConnName>HostOnly-Master-proyectopdb-mviales</sourceConnName>
<sourceObjSchema>MVIALES</sourceObjSchema>
<sourceObjName>SP_OBTENERTC</sourceObjName>
<createdBy>riho</createdBy>
<createdTime>2015-05-08 06:10:21 UTC</createdTime>
<ownerDesignName>BD2Design-RO-TP2</ownerDesignName>
<owner>B1F59BFA-3907-F37A-27F4-1DE05E6D58A1</owner>
<source>CREATE OR REPLACE PROCEDURE         MVIALES.SP_OBTENERTC(&lt;br/&gt;  PDATE IN DATE,&lt;br/&gt;  PRESULT OUT NUMBER&lt;br/&gt;) IS&lt;br/&gt;  MES NUMBER(2);&lt;br/&gt;  ANIO NUMBER(4);&lt;br/&gt;BEGIN&lt;br/&gt;  -- OBTENER EL MES Y ANIO DE LA FECHA&lt;br/&gt;  SELECT &lt;br/&gt;    EXTRACT(MONTH FROM PDATE)INTO MES&lt;br/&gt;  FROM DUAL;&lt;br/&gt;  SELECT &lt;br/&gt;    EXTRACT(YEAR FROM PDATE) INTO ANIO&lt;br/&gt;  FROM DUAL;&lt;br/&gt;  DBMS_OUTPUT.put_line(MES);&lt;br/&gt;  DBMS_OUTPUT.put_line(ANIO);&lt;br/&gt;  -- SELECCIONE EL TIPO DE CAMBIO DE LA TABLA DE TIPOS DE CAMBIO&lt;br/&gt;  SELECT&lt;br/&gt;    TC.MONTO INTO PRESULT&lt;br/&gt;  FROM T_TIPOCAMBIOS TC&lt;br/&gt;  WHERE TC.MES = MES AND TC.ANIO = ANIO AND ROWNUM = 1;&lt;br/&gt;END;</source>
<body>CREATE OR REPLACE PROCEDURE         MVIALES.SP_OBTENERTC(&lt;br/&gt;  PDATE IN DATE,&lt;br/&gt;  PRESULT OUT NUMBER&lt;br/&gt;) IS&lt;br/&gt;  MES NUMBER(2);&lt;br/&gt;  ANIO NUMBER(4);&lt;br/&gt;BEGIN&lt;br/&gt;  -- OBTENER EL MES Y ANIO DE LA FECHA&lt;br/&gt;  SELECT &lt;br/&gt;    EXTRACT(MONTH FROM PDATE)INTO MES&lt;br/&gt;  FROM DUAL;&lt;br/&gt;  SELECT &lt;br/&gt;    EXTRACT(YEAR FROM PDATE) INTO ANIO&lt;br/&gt;  FROM DUAL;&lt;br/&gt;  DBMS_OUTPUT.put_line(MES);&lt;br/&gt;  DBMS_OUTPUT.put_line(ANIO);&lt;br/&gt;  -- SELECCIONE EL TIPO DE CAMBIO DE LA TABLA DE TIPOS DE CAMBIO&lt;br/&gt;  SELECT&lt;br/&gt;    TC.MONTO INTO PRESULT&lt;br/&gt;  FROM T_TIPOCAMBIOS TC&lt;br/&gt;  WHERE TC.MES = MES AND TC.ANIO = ANIO AND ROWNUM = 1;&lt;br/&gt;END;</body>
</StoredProcedureOraclev10g>