<?xml version = '1.0' encoding = 'UTF-8'?>
<Relation class="oracle.dbtools.crest.model.design.logical.Relation" name="FKT_COTIZACI717841" directorySegmentName="seg_0" id="00E6BE1D-47FD-77CE-A5D3-E70AF32A8D93">
<createdBy>riho</createdBy>
<createdTime>2015-05-12 22:37:31 UTC</createdTime>
<generatorID>9F0EE32C-01B5-36B9-CD29-16CCDD385405</generatorID>
<ownerDesignName>BD2Design-RO-TP2</ownerDesignName>
<engineerTo>
<item key="1409979B-BAC5-3879-5335-0A12C11D4A71" value="true"/>
<item key="D5ED5A6F-A3BD-A52A-CEF9-2699C94A906C" value="true"/>
</engineerTo>
<sourcePk>1B5BCDC7-E981-9848-B7DB-2110E082C0A9</sourcePk>
<identifying>false</identifying>
<optionalSource>true</optionalSource>
<optionalTarget>false</optionalTarget>
<sourceCardinality>1</sourceCardinality>
<sourceEntity>31611695-3725-E468-94F9-8E2F10E854F7</sourceEntity>
<targetCardinalityString>*</targetCardinalityString>
<targetEntity>73CB7B84-7229-379A-C146-895B57490284</targetEntity>
<transferable>true</transferable>
<deleteRule>NO ACTION</deleteRule>
</Relation>