<?xml version = '1.0' encoding = 'UTF-8'?>
<Relation class="oracle.dbtools.crest.model.design.logical.Relation" name="FKT_LINEASFA50873" directorySegmentName="seg_0" id="0EC6647B-7933-D7AB-2854-278ADB6A006D">
<createdBy>riho</createdBy>
<createdTime>2015-05-12 22:37:31 UTC</createdTime>
<generatorID>5B239549-9DF9-B470-1D21-9C393C45ABE3</generatorID>
<ownerDesignName>BD2Design-RO-TP2</ownerDesignName>
<engineerTo>
<item key="1409979B-BAC5-3879-5335-0A12C11D4A71" value="true"/>
<item key="D5ED5A6F-A3BD-A52A-CEF9-2699C94A906C" value="true"/>
</engineerTo>
<sourcePk>F7DDE546-9EBE-BC33-A6CC-D3A63EA8D1E8</sourcePk>
<identifying>false</identifying>
<optionalSource>true</optionalSource>
<optionalTarget>false</optionalTarget>
<sourceCardinality>1</sourceCardinality>
<sourceEntity>19D111C2-7F15-222D-2ECB-BEE4EF864154</sourceEntity>
<targetCardinalityString>*</targetCardinalityString>
<targetEntity>1E635631-0C79-A59A-7B50-63CFB79B712F</targetEntity>
<transferable>true</transferable>
<deleteRule>NO ACTION</deleteRule>
</Relation>