<?xml version = '1.0' encoding = 'UTF-8'?>
<Relation class="oracle.dbtools.crest.model.design.logical.Relation" name="FKT_ARTICULO848891" directorySegmentName="seg_0" id="1429A5B0-D1E0-0368-0ACD-33E70373AC9A">
<createdBy>riho</createdBy>
<createdTime>2015-05-12 22:37:31 UTC</createdTime>
<generatorID>A2BBF9E0-A970-E208-6C7B-B040D04ADDA5</generatorID>
<ownerDesignName>BD2Design-RO-TP2</ownerDesignName>
<engineerTo>
<item key="1409979B-BAC5-3879-5335-0A12C11D4A71" value="true"/>
<item key="D5ED5A6F-A3BD-A52A-CEF9-2699C94A906C" value="true"/>
</engineerTo>
<sourcePk>BD44E711-4FB3-DB7F-7C92-E22AE86C1D49</sourcePk>
<identifying>false</identifying>
<optionalSource>true</optionalSource>
<optionalTarget>false</optionalTarget>
<sourceCardinality>1</sourceCardinality>
<sourceEntity>011A7452-15DB-6950-02E3-067A13FC3D8E</sourceEntity>
<targetCardinalityString>*</targetCardinalityString>
<targetEntity>24CCCCFB-5B9D-A8FD-5B1C-14B7AC8479CF</targetEntity>
<transferable>true</transferable>
<deleteRule>NO ACTION</deleteRule>
</Relation>