<?xml version = '1.0' encoding = 'UTF-8'?>
<Relation class="oracle.dbtools.crest.model.design.logical.Relation" name="FKT_COTIZACI920077" directorySegmentName="seg_0" id="22285DD4-03D9-8EFB-E2F8-0632E27C9E5C">
<createdBy>riho</createdBy>
<createdTime>2015-05-12 22:37:31 UTC</createdTime>
<generatorID>08A5D0DF-843A-48D5-3307-17DFDF02A463</generatorID>
<ownerDesignName>BD2Design-RO-TP2</ownerDesignName>
<engineerTo>
<item key="1409979B-BAC5-3879-5335-0A12C11D4A71" value="true"/>
<item key="D5ED5A6F-A3BD-A52A-CEF9-2699C94A906C" value="true"/>
</engineerTo>
<sourcePk>75345F20-0456-7A64-75A1-6E885499D160</sourcePk>
<identifying>false</identifying>
<optionalSource>true</optionalSource>
<optionalTarget>false</optionalTarget>
<sourceCardinality>1</sourceCardinality>
<sourceEntity>946C66D7-6E52-1567-7A0C-39CEB9DD384D</sourceEntity>
<targetCardinalityString>*</targetCardinalityString>
<targetEntity>73CB7B84-7229-379A-C146-895B57490284</targetEntity>
<transferable>true</transferable>
<deleteRule>NO ACTION</deleteRule>
</Relation>