<?xml version = '1.0' encoding = 'UTF-8'?>
<Relation class="oracle.dbtools.crest.model.design.logical.Relation" name="FKT_ARTICULO904486" directorySegmentName="seg_0" id="28090E6E-BCAD-0395-CDD3-D86C48F448E9">
<createdBy>riho</createdBy>
<createdTime>2015-05-12 22:37:31 UTC</createdTime>
<generatorID>677C4A2A-EF08-AE29-4CCD-BA1A9C82910B</generatorID>
<ownerDesignName>BD2Design-RO-TP2</ownerDesignName>
<engineerTo>
<item key="1409979B-BAC5-3879-5335-0A12C11D4A71" value="true"/>
<item key="D5ED5A6F-A3BD-A52A-CEF9-2699C94A906C" value="true"/>
</engineerTo>
<sourcePk>BF761EF9-C402-CC4E-37CA-5B8CA92B3749</sourcePk>
<identifying>false</identifying>
<optionalSource>true</optionalSource>
<optionalTarget>false</optionalTarget>
<sourceCardinality>1</sourceCardinality>
<sourceEntity>B63595F0-B096-3303-C6A4-D30AFC378ECC</sourceEntity>
<targetCardinalityString>*</targetCardinalityString>
<targetEntity>24CCCCFB-5B9D-A8FD-5B1C-14B7AC8479CF</targetEntity>
<transferable>true</transferable>
<deleteRule>NO ACTION</deleteRule>
</Relation>