<?xml version = '1.0' encoding = 'UTF-8'?>
<Relation class="oracle.dbtools.crest.model.design.logical.Relation" name="FKT_LINEASFA481568" directorySegmentName="seg_0" id="2CA9620F-1B74-DAA6-FDB6-95E097329B6C">
<createdBy>riho</createdBy>
<createdTime>2015-05-12 22:37:31 UTC</createdTime>
<generatorID>1CEAE8D1-9C0C-C73E-C7A2-B60A755062A5</generatorID>
<ownerDesignName>BD2Design-RO-TP2</ownerDesignName>
<engineerTo>
<item key="1409979B-BAC5-3879-5335-0A12C11D4A71" value="true"/>
<item key="D5ED5A6F-A3BD-A52A-CEF9-2699C94A906C" value="true"/>
</engineerTo>
<sourcePk>D9FE7BC5-F3F5-AA04-C21E-6C7968379988</sourcePk>
<identifying>false</identifying>
<optionalSource>true</optionalSource>
<optionalTarget>false</optionalTarget>
<sourceCardinality>1</sourceCardinality>
<sourceEntity>24CCCCFB-5B9D-A8FD-5B1C-14B7AC8479CF</sourceEntity>
<targetCardinalityString>*</targetCardinalityString>
<targetEntity>1E635631-0C79-A59A-7B50-63CFB79B712F</targetEntity>
<transferable>true</transferable>
<deleteRule>NO ACTION</deleteRule>
</Relation>