<?xml version = '1.0' encoding = 'UTF-8'?>
<Relation class="oracle.dbtools.crest.model.design.logical.Relation" name="T_FAMILIAS_T_INDICEECONOMICOS_FK" directorySegmentName="seg_0" id="3386019F-1171-0040-0CD3-ED81C2767AED">
<createdBy>riho</createdBy>
<createdTime>2015-05-13 15:36:43 UTC</createdTime>
<generatorID>C2389343-8C2D-1B11-6703-57D75D296FE5</generatorID>
<ownerDesignName>BD2Design-RO-TP2</ownerDesignName>
<engineerTo>
<item key="1409979B-BAC5-3879-5335-0A12C11D4A71" value="true"/>
<item key="D5ED5A6F-A3BD-A52A-CEF9-2699C94A906C" value="true"/>
</engineerTo>
<sourcePk>17531370-94FC-D099-FC13-B26525FB5829</sourcePk>
<identifying>false</identifying>
<optionalSource>true</optionalSource>
<optionalTarget>false</optionalTarget>
<sourceCardinality>1</sourceCardinality>
<sourceEntity>EC16B4D6-38E0-B1D7-BCBF-FCE0097E01BD</sourceEntity>
<targetCardinalityString>*</targetCardinalityString>
<targetEntity>B63595F0-B096-3303-C6A4-D30AFC378ECC</targetEntity>
<transferable>true</transferable>
<deleteRule>NO ACTION</deleteRule>
</Relation>