<?xml version = '1.0' encoding = 'UTF-8'?>
<Relation class="oracle.dbtools.crest.model.design.logical.Relation" name="FKT_DETALLED350223" directorySegmentName="seg_0" id="4519AFF7-CB34-5448-B2D5-76B176FB30CE">
<createdBy>riho</createdBy>
<createdTime>2015-05-12 22:37:31 UTC</createdTime>
<generatorID>1B98884F-C030-0196-3996-E89BEFEA5397</generatorID>
<ownerDesignName>BD2Design-RO-TP2</ownerDesignName>
<engineerTo>
<item key="1409979B-BAC5-3879-5335-0A12C11D4A71" value="true"/>
</engineerTo>
<sourcePk>1463599F-F0FB-9561-8710-1E437CDEF247</sourcePk>
<identifying>false</identifying>
<optionalSource>true</optionalSource>
<optionalTarget>false</optionalTarget>
<sourceCardinality>1</sourceCardinality>
<sourceEntity>239F6191-C8C5-AF11-A43F-D1568E0969DB</sourceEntity>
<targetCardinalityString>*</targetCardinalityString>
<targetEntity>8E1E336E-17DC-F785-7E6C-B5FF6729584E</targetEntity>
<transferable>true</transferable>
<deleteRule>NO ACTION</deleteRule>
</Relation>