<?xml version = '1.0' encoding = 'UTF-8'?>
<Relation class="oracle.dbtools.crest.model.design.logical.Relation" name="FKT_COMPONEN774059" directorySegmentName="seg_0" id="4C661384-B049-812D-43CC-76572C2F9B21">
<createdBy>riho</createdBy>
<createdTime>2015-05-12 22:37:31 UTC</createdTime>
<generatorID>503FE8E1-4544-F6E2-D231-9ADF8232EE6A</generatorID>
<ownerDesignName>BD2Design-RO-TP2</ownerDesignName>
<engineerTo>
<item key="1409979B-BAC5-3879-5335-0A12C11D4A71" value="true"/>
</engineerTo>
<sourcePk>D9FE7BC5-F3F5-AA04-C21E-6C7968379988</sourcePk>
<identifying>false</identifying>
<optionalSource>true</optionalSource>
<optionalTarget>false</optionalTarget>
<sourceCardinality>1</sourceCardinality>
<sourceEntity>24CCCCFB-5B9D-A8FD-5B1C-14B7AC8479CF</sourceEntity>
<targetCardinalityString>*</targetCardinalityString>
<targetEntity>06135933-D69D-0F8C-9A07-AC4C77C38B59</targetEntity>
<transferable>true</transferable>
<deleteRule>NO ACTION</deleteRule>
</Relation>