<?xml version = '1.0' encoding = 'UTF-8'?>
<Relation class="oracle.dbtools.crest.model.design.logical.Relation" name="FKT_COTIZACI344790" directorySegmentName="seg_0" id="50B1322B-D8A2-9085-20B5-24CF6BD7357E">
<createdBy>riho</createdBy>
<createdTime>2015-05-12 22:37:31 UTC</createdTime>
<generatorID>ED41F1BA-D375-1212-2FB9-EAD3E86F6260</generatorID>
<ownerDesignName>BD2Design-RO-TP2</ownerDesignName>
<engineerTo>
<item key="1409979B-BAC5-3879-5335-0A12C11D4A71" value="true"/>
<item key="D5ED5A6F-A3BD-A52A-CEF9-2699C94A906C" value="true"/>
</engineerTo>
<sourcePk>38F6EDC9-6BBC-34A2-445A-905C55049978</sourcePk>
<identifying>false</identifying>
<optionalSource>true</optionalSource>
<optionalTarget>false</optionalTarget>
<sourceCardinality>1</sourceCardinality>
<sourceEntity>5DECAE7E-79B1-6822-3E5D-38E4862C4BF7</sourceEntity>
<targetCardinalityString>*</targetCardinalityString>
<targetEntity>73CB7B84-7229-379A-C146-895B57490284</targetEntity>
<transferable>true</transferable>
<deleteRule>NO ACTION</deleteRule>
</Relation>