<?xml version = '1.0' encoding = 'UTF-8'?>
<Relation class="oracle.dbtools.crest.model.design.logical.Relation" name="FKT_CONTACTO536274" directorySegmentName="seg_0" id="50E8688B-4B1B-5B12-4DDC-550295CE2988">
<createdBy>riho</createdBy>
<createdTime>2015-05-12 22:37:31 UTC</createdTime>
<generatorID>E47141B2-E374-94F2-423A-C49AE40F569A</generatorID>
<ownerDesignName>BD2Design-RO-TP2</ownerDesignName>
<engineerTo>
<item key="1409979B-BAC5-3879-5335-0A12C11D4A71" value="true"/>
<item key="D5ED5A6F-A3BD-A52A-CEF9-2699C94A906C" value="true"/>
</engineerTo>
<sourcePk>DB49E302-D4B6-F819-1A33-2A1BCCC90E5E</sourcePk>
<identifying>false</identifying>
<optionalSource>true</optionalSource>
<optionalTarget>false</optionalTarget>
<sourceCardinality>1</sourceCardinality>
<sourceEntity>92CBE536-8F3E-418D-4F95-AE073D8E34D0</sourceEntity>
<targetCardinalityString>*</targetCardinalityString>
<targetEntity>1A8E7FD0-4CF5-F8B7-E70D-78AC90542982</targetEntity>
<transferable>true</transferable>
<deleteRule>NO ACTION</deleteRule>
</Relation>