<?xml version = '1.0' encoding = 'UTF-8'?>
<Relation class="oracle.dbtools.crest.model.design.logical.Relation" name="FKT_ARTICULO840016" directorySegmentName="seg_0" id="6C58A17B-41EA-8FE5-504E-6908567A563B">
<createdBy>riho</createdBy>
<createdTime>2015-05-12 22:37:31 UTC</createdTime>
<generatorID>C47F11FB-55A6-7D9D-9201-49361DBFD98C</generatorID>
<ownerDesignName>BD2Design-RO-TP2</ownerDesignName>
<engineerTo>
<item key="1409979B-BAC5-3879-5335-0A12C11D4A71" value="true"/>
</engineerTo>
<sourcePk>C930B67D-A066-870B-0D10-9B7A7C7085AA</sourcePk>
<identifying>false</identifying>
<optionalSource>true</optionalSource>
<optionalTarget>false</optionalTarget>
<sourceCardinality>1</sourceCardinality>
<sourceEntity>25631F42-0D8E-E452-E487-D636C03F7CBB</sourceEntity>
<targetCardinalityString>*</targetCardinalityString>
<targetEntity>24CCCCFB-5B9D-A8FD-5B1C-14B7AC8479CF</targetEntity>
<transferable>true</transferable>
<deleteRule>NO ACTION</deleteRule>
</Relation>