<?xml version = '1.0' encoding = 'UTF-8'?>
<Relation class="oracle.dbtools.crest.model.design.logical.Relation" name="PK_NUMCOTIZACIONHISTO" directorySegmentName="seg_0" id="8804EF70-5624-F613-8D6C-4AFBC82F7904">
<createdBy>riho</createdBy>
<createdTime>2015-05-12 22:37:31 UTC</createdTime>
<generatorID>339DA447-2C6B-DB6F-800F-2F37FD375F55</generatorID>
<ownerDesignName>BD2Design-RO-TP2</ownerDesignName>
<engineerTo>
<item key="1409979B-BAC5-3879-5335-0A12C11D4A71" value="true"/>
<item key="D5ED5A6F-A3BD-A52A-CEF9-2699C94A906C" value="true"/>
</engineerTo>
<sourcePk>C2A93CD2-E31A-7FDC-DD9E-E49F35B327DB</sourcePk>
<identifying>false</identifying>
<optionalSource>true</optionalSource>
<optionalTarget>false</optionalTarget>
<sourceCardinality>1</sourceCardinality>
<sourceEntity>A4139C9D-0183-E870-228F-F1CD33F9CFA7</sourceEntity>
<targetCardinalityString>*</targetCardinalityString>
<targetEntity>6E459948-3C11-B0BF-970C-EC008C529E4A</targetEntity>
<transferable>true</transferable>
<deleteRule>NO ACTION</deleteRule>
</Relation>