<?xml version = '1.0' encoding = 'UTF-8'?>
<Relation class="oracle.dbtools.crest.model.design.logical.Relation" name="FKT_EMPRESA469254" directorySegmentName="seg_0" id="ACF1DFF0-E9EA-78F8-4AA2-6612BB949D48">
<createdBy>riho</createdBy>
<createdTime>2015-05-12 22:37:31 UTC</createdTime>
<generatorID>4E6C4D89-904C-1790-157A-EFC7F2C3BB02</generatorID>
<ownerDesignName>BD2Design-RO-TP2</ownerDesignName>
<engineerTo>
<item key="1409979B-BAC5-3879-5335-0A12C11D4A71" value="true"/>
</engineerTo>
<sourcePk>112ABAEA-CCBC-8480-4304-2B2D4504A339</sourcePk>
<identifying>false</identifying>
<optionalSource>true</optionalSource>
<optionalTarget>false</optionalTarget>
<sourceCardinality>1</sourceCardinality>
<sourceEntity>8E1E336E-17DC-F785-7E6C-B5FF6729584E</sourceEntity>
<targetCardinalityString>*</targetCardinalityString>
<targetEntity>92CBE536-8F3E-418D-4F95-AE073D8E34D0</targetEntity>
<transferable>true</transferable>
<deleteRule>NO ACTION</deleteRule>
</Relation>