<?xml version = '1.0' encoding = 'UTF-8'?>
<Relation class="oracle.dbtools.crest.model.design.logical.Relation" name="FKT_ARTICULO382695" directorySegmentName="seg_0" id="B9C1825C-ADAA-83EC-0560-3D22D9041A05">
<createdBy>riho</createdBy>
<createdTime>2015-05-12 22:37:31 UTC</createdTime>
<generatorID>52A371A7-61C4-295B-C8F7-E85785D3E9D3</generatorID>
<ownerDesignName>BD2Design-RO-TP2</ownerDesignName>
<engineerTo>
<item key="1409979B-BAC5-3879-5335-0A12C11D4A71" value="true"/>
<item key="D5ED5A6F-A3BD-A52A-CEF9-2699C94A906C" value="true"/>
</engineerTo>
<sourcePk>D9FE7BC5-F3F5-AA04-C21E-6C7968379988</sourcePk>
<identifying>false</identifying>
<optionalSource>true</optionalSource>
<optionalTarget>false</optionalTarget>
<sourceCardinality>1</sourceCardinality>
<sourceEntity>24CCCCFB-5B9D-A8FD-5B1C-14B7AC8479CF</sourceEntity>
<targetCardinalityString>*</targetCardinalityString>
<targetEntity>F65497BC-2296-6F66-7A94-CCA05EA52F33</targetEntity>
<transferable>true</transferable>
<deleteRule>NO ACTION</deleteRule>
</Relation>