<?xml version = '1.0' encoding = 'UTF-8'?>
<Relation class="oracle.dbtools.crest.model.design.logical.Relation" name="FKT_LISTAPRE160880" directorySegmentName="seg_0" id="CA27ED4B-3093-8317-371F-6D0134CAEB80">
<createdBy>riho</createdBy>
<createdTime>2015-05-12 22:37:31 UTC</createdTime>
<generatorID>69F8D0D0-D1E2-B421-3F91-95582ECA029C</generatorID>
<ownerDesignName>BD2Design-RO-TP2</ownerDesignName>
<engineerTo>
<item key="1409979B-BAC5-3879-5335-0A12C11D4A71" value="true"/>
<item key="D5ED5A6F-A3BD-A52A-CEF9-2699C94A906C" value="true"/>
</engineerTo>
<sourcePk>D9FE7BC5-F3F5-AA04-C21E-6C7968379988</sourcePk>
<identifying>false</identifying>
<optionalSource>true</optionalSource>
<optionalTarget>false</optionalTarget>
<sourceCardinality>1</sourceCardinality>
<sourceEntity>24CCCCFB-5B9D-A8FD-5B1C-14B7AC8479CF</sourceEntity>
<targetCardinalityString>*</targetCardinalityString>
<targetEntity>2A18E8D2-911C-50E3-71AE-AEC76F0E0294</targetEntity>
<transferable>true</transferable>
<deleteRule>NO ACTION</deleteRule>
</Relation>