<?xml version = '1.0' encoding = 'UTF-8'?>
<Relation class="oracle.dbtools.crest.model.design.logical.Relation" name="FKT_COMPONEN233783" directorySegmentName="seg_0" id="D01BC532-EA98-FD76-ABEA-05BC65282B58">
<createdBy>riho</createdBy>
<createdTime>2015-05-12 22:37:31 UTC</createdTime>
<generatorID>8B68CDBD-7288-8316-395A-9D0DD92F40B2</generatorID>
<ownerDesignName>BD2Design-RO-TP2</ownerDesignName>
<engineerTo>
<item key="1409979B-BAC5-3879-5335-0A12C11D4A71" value="true"/>
</engineerTo>
<sourcePk>D9FE7BC5-F3F5-AA04-C21E-6C7968379988</sourcePk>
<identifying>false</identifying>
<optionalSource>true</optionalSource>
<optionalTarget>false</optionalTarget>
<sourceCardinality>1</sourceCardinality>
<sourceEntity>24CCCCFB-5B9D-A8FD-5B1C-14B7AC8479CF</sourceEntity>
<targetCardinalityString>*</targetCardinalityString>
<targetEntity>06135933-D69D-0F8C-9A07-AC4C77C38B59</targetEntity>
<transferable>true</transferable>
<deleteRule>NO ACTION</deleteRule>
</Relation>