<?xml version = '1.0' encoding = 'UTF-8'?>
<Relation class="oracle.dbtools.crest.model.design.logical.Relation" name="FKT_ARTICULO50573" directorySegmentName="seg_0" id="DD97152F-48C8-8CE5-E853-1CA3AB0C68EB">
<createdBy>riho</createdBy>
<createdTime>2015-05-12 22:37:31 UTC</createdTime>
<generatorID>2A6F06FF-3592-1F75-F5B3-3BC60E4794CF</generatorID>
<ownerDesignName>BD2Design-RO-TP2</ownerDesignName>
<engineerTo>
<item key="1409979B-BAC5-3879-5335-0A12C11D4A71" value="true"/>
<item key="D5ED5A6F-A3BD-A52A-CEF9-2699C94A906C" value="true"/>
</engineerTo>
<sourcePk>ED1BC918-F3A7-DB4C-668C-A7C61E4E6858</sourcePk>
<dominantRole>73CB7B84-7229-379A-C146-895B57490284</dominantRole>
<identifying>false</identifying>
<optionalSource>true</optionalSource>
<optionalTarget>false</optionalTarget>
<sourceCardinality>1</sourceCardinality>
<sourceEntity>73CB7B84-7229-379A-C146-895B57490284</sourceEntity>
<targetCardinalityString>1</targetCardinalityString>
<targetEntity>F65497BC-2296-6F66-7A94-CCA05EA52F33</targetEntity>
<transferable>true</transferable>
<deleteRule>NO ACTION</deleteRule>
</Relation>