<?xml version = '1.0' encoding = 'UTF-8'?>
<Relation class="oracle.dbtools.crest.model.design.logical.Relation" name="FKT_LISTAPRE78013" directorySegmentName="seg_0" id="E63BAF8A-2ABD-B855-A7A4-F35B68D3F0F8">
<createdBy>riho</createdBy>
<createdTime>2015-05-12 22:37:31 UTC</createdTime>
<generatorID>C8103E3E-1F17-2EDF-F0FF-433B7A9DA96D</generatorID>
<ownerDesignName>BD2Design-RO-TP2</ownerDesignName>
<engineerTo>
<item key="1409979B-BAC5-3879-5335-0A12C11D4A71" value="true"/>
<item key="D5ED5A6F-A3BD-A52A-CEF9-2699C94A906C" value="true"/>
</engineerTo>
<sourcePk>75345F20-0456-7A64-75A1-6E885499D160</sourcePk>
<identifying>false</identifying>
<optionalSource>true</optionalSource>
<optionalTarget>false</optionalTarget>
<sourceCardinality>1</sourceCardinality>
<sourceEntity>946C66D7-6E52-1567-7A0C-39CEB9DD384D</sourceEntity>
<targetCardinalityString>*</targetCardinalityString>
<targetEntity>2A18E8D2-911C-50E3-71AE-AEC76F0E0294</targetEntity>
<transferable>true</transferable>
<deleteRule>NO ACTION</deleteRule>
</Relation>