<?xml version = '1.0' encoding = 'UTF-8'?>
<CollectionType class="oracle.dbtools.crest.model.design.datatypes.CollectionType" name="LISTALINEASFACTURA_RO" directorySegmentName="seg_0" id="398874F5-2636-C95F-730B-596ACA037E50">
<sourceConnName>oraserveri-proyectopdb-mviales</sourceConnName>
<sourceObjSchema>mviales</sourceObjSchema>
<sourceObjName>LISTALINEASFACTURA</sourceObjName>
<createdBy>riho</createdBy>
<createdTime>2015-05-14 04:42:40 UTC</createdTime>
<ownerDesignName>BD2Design-RO-TP2</ownerDesignName>
<predefined>false</predefined>
<dataTypeDescr class="oracle.dbtools.crest.model.design.datatypes.CollectionType$DataTypeWrapper">
<size></size>
<type>D4CC2B1C-FFFB-34E6-DAC8-815E9963C78F</type>
<isreference>false</isreference>
</dataTypeDescr>
<maxElement>1</maxElement>
<type>COLLECTION</type>
</CollectionType>