<?xml version = '1.0' encoding = 'UTF-8'?>
<TableSpaceOraclev10g class="oracle.dbtools.crest.model.design.storage.oracle.v10g.TableSpaceOraclev10g" name="SYSTEM" directorySegmentName="seg_0" id="6537AA38-26EA-CAC0-4102-1FC212744C22">
<sourceConnName>HostOnly-Master-proyectopdb-mviales</sourceConnName>
<sourceObjSchema>MVIALES</sourceObjSchema>
<sourceObjName>SYSTEM</sourceObjName>
<createdBy>riho</createdBy>
<createdTime>2015-05-08 06:10:17 UTC</createdTime>
<ownerDesignName>BD2Design-RO-TP2</ownerDesignName>
<emUniformSize>0</emUniformSize>
<extentManagement>LOCAL</extentManagement>
</TableSpaceOraclev10g>