<?xml version = '1.0' encoding = 'UTF-8'?>
<TableSpaceOraclev10g class="oracle.dbtools.crest.model.design.storage.oracle.v10g.TableSpaceOraclev10g" name="PROYECTO" directorySegmentName="seg_0" id="F1BA2F56-C07E-1ED4-4B32-BBE825CDCB9A">
<createdBy>riho</createdBy>
<createdTime>2015-05-08 06:10:13 UTC</createdTime>
<ownerDesignName>BD2Design-RO-TP2</ownerDesignName>
<dsInitialExtent>1048576</dsInitialExtent>
<dsMaxExtents>2147483645</dsMaxExtents>
<dsNextExtent>1048576</dsNextExtent>
<emLocalSubtype>UNIFORM</emLocalSubtype>
<emUniformSize>1048576</emUniformSize>
<extentManagement>LOCAL</extentManagement>
<minExtLen>1048576</minExtLen>
<dsCompression>NOCOMPRESS</dsCompression>
<fileType>SMALLFILE</fileType>
</TableSpaceOraclev10g>